ds,yhat,yhat_lower,yhat_upper
2021-01-03,1396.028991408115,-1273.2133435149947,4283.68540051346
2021-01-04,1134.8147042211194,-1580.1691468319134,4046.2128696511727
2021-01-05,1058.5483162721139,-1746.5433613441849,3860.475304484817
2021-01-06,1022.8664241649033,-1726.527668817562,3875.1148188197967
2021-01-07,525.5638432969655,-2369.0031060974984,3181.5067970213595
2021-01-09,886.5787539343846,-1927.4857609610897,3642.6372125914686
2021-01-10,946.7859577497584,-1773.9172140091027,3832.9836194438994
2021-01-11,746.819456047062,-1948.3952557467778,3344.5357003568492
2021-01-13,767.3267845182502,-2147.8776402695457,3397.9090199824
2021-01-14,338.520587576634,-2357.7665491930343,3066.9924758407856
2021-01-15,145.17037083125922,-2760.8832442714643,2984.6140636734394
2021-01-16,833.9748808689781,-1800.5774034117717,3745.4046196098207
2021-01-18,815.9211009587343,-2123.233492883048,3504.4757661434955
2021-01-19,857.4796875695156,-1797.582550244558,3575.419459040741
2021-01-20,935.1789875464451,-1973.2455710508375,3674.415532042908
2021-01-21,544.4651245843899,-2256.313778481378,3171.3118299788257
2021-01-23,1089.64462691389,-1712.3065934775268,3931.1516772290115
2021-01-26,1116.0453059285737,-1448.4695975161117,3855.1968750274073
2021-01-27,1175.6790147555162,-1744.9287595312376,3781.900234910819
2021-01-28,758.0814742069492,-2001.939411161284,3459.2246631556864
2021-01-30,1226.2113533191382,-1676.480176598834,3813.459464897492
2021-01-31,1312.103569983573,-1491.8646567692545,3925.9713592514763
2021-02-01,1118.80882794107,-1716.0101868329507,3932.8064725820236
2021-02-02,1095.4426472593525,-1712.0115944688396,3779.962645877251
2021-02-03,1096.9981277091053,-1594.3575841729892,3990.173549750759
2021-02-04,620.9930394707491,-1985.8244128405943,3572.406163991859
2021-02-06,977.553874670836,-1537.9820961141922,3708.611871336171
2021-02-07,1013.3273983683629,-1765.8220276363845,3717.3292852476643
2021-02-08,775.5985171702846,-2142.858066811296,3493.130112979449
2021-02-11,190.68795903126997,-2608.85364848726,2937.450726362826
2021-02-12,-75.78466659029846,-2743.3314229420744,2683.4941436376757
2021-02-14,583.0320542303778,-2301.385843276604,3302.711030881298
2021-02-15,366.5874719928256,-2427.269675080843,3093.257543248839
2021-02-16,337.57738533236,-2449.0287370236424,3177.190709353281
2021-02-17,351.7030293677031,-2631.653633131367,3097.3779627792046
2021-02-18,-93.22172218990636,-2788.2819981961584,2720.2256124388673
2021-02-20,380.1093468726593,-2352.800960723122,3044.8534666206383
2021-02-21,500.0710974638479,-2334.1304887254696,3240.448410204775
2021-02-22,362.0674400390795,-2435.063268419246,3148.1838088767477
2021-02-23,414.7943168906087,-2234.896356795941,3352.3012816738724
2021-02-24,512.3496957297007,-2248.5780313951823,3347.709020908759
2021-02-27,784.6972106521794,-2039.5521021996874,3710.2021279865758
2021-03-01,907.9671827906702,-1886.1918611435794,3858.4974509307276
2021-03-02,1020.5891803268482,-1691.9195572357708,3990.3397431276912
2021-03-03,1169.2423093548464,-1584.4129100960156,3769.672260121734
2021-03-04,849.0983935358463,-1838.0046847470028,3842.5022561073965
2021-03-05,755.1374578519008,-1799.1827256463619,3451.067311072218
2021-03-07,1735.093255502276,-1052.7582495750733,4437.961869717847
2021-03-10,1881.615812806732,-933.494781232553,4668.5121117324
2021-03-11,1525.083364765807,-1273.8537241055715,4320.074619207005
2021-03-14,2248.0640388829293,-474.4106619424094,4986.033366864215
2021-03-15,2105.620189411301,-596.0456652822803,4834.214082735292
2021-03-16,2129.985751717873,-650.4415427525134,4981.557590883321
2021-03-17,2175.9029606201357,-651.2403283406051,4797.306236750117
2021-03-18,1740.6225381144363,-1048.0363853154877,4377.221036136986
2021-03-19,1521.4109058285576,-1448.1874438949262,4039.2795049586625
2021-03-21,2230.3824815873977,-492.64632331235805,4888.836796048675
2021-03-22,2015.8245399799484,-914.5643699214728,4799.440063994077
2021-03-23,1972.9572502743165,-602.994912889503,4884.115708693543
2021-03-24,1957.5652705505897,-1002.0739706717835,4623.588318089836
2021-03-25,1467.780195808787,-1312.6777447732002,4392.338781547327
2021-03-26,1201.572433216505,-1555.6568968123772,4061.397461700946
2021-03-28,1840.9489591941324,-785.0504584119991,4623.108629414102
2021-03-29,1604.2424969978315,-1113.5291073898547,4154.398150407598
2021-03-30,1547.6382772461618,-1224.4513275934387,4151.46009002438
2021-03-31,1526.6739280623938,-1022.9237473448123,4266.676527595153
2021-04-01,1039.0629263114374,-1761.1347820699314,3733.2472738578417
2021-04-02,782.2025959726911,-1950.7393541410977,3528.087543775723
2021-04-03,1404.2003354455883,-1381.301986829669,4273.092234298246
2021-04-04,1458.8465499545282,-1139.8463723930809,4285.941740623833
2021-04-05,1248.3276878508937,-1440.0528480120727,4199.351815886924
2021-04-06,1221.6699798482389,-1414.1462689882724,3932.2820781633845
2021-04-07,1233.401410309821,-1583.8693625704013,4028.9837029187133
2021-04-08,780.2164651858975,-1925.183117523627,3700.155142944634
2021-04-11,1303.8712162203963,-1381.514027479015,4072.9780020804333
2021-04-12,1125.2101511608153,-1490.8848787829522,3962.869951448031
2021-04-13,1127.7671452139384,-1538.6154202161265,3995.835150552709
2021-04-15,734.5902333142907,-2019.3218543281096,3478.5469874708474
2021-04-16,531.1638043501644,-2126.1896062776436,3533.1065361612955
2021-04-18,1300.4479582295114,-1608.0183155959169,3750.6907370299828
2021-04-19,1127.47540517277,-1649.4420424941002,4013.5620364492715
2021-04-20,1131.7851024465094,-1703.1582993930208,3995.580011066255
2021-04-21,1167.6488799743836,-1675.7410563984076,4079.2937987232885
2021-04-22,731.7356582246053,-2131.7963763419148,3552.367692759317
2021-04-23,520.6364870355163,-2301.368352743211,3373.289434816336
2021-04-25,1269.0122221266233,-1429.4797030518134,4090.8681180002186
2021-04-26,1084.0976992928152,-1747.594209480936,3943.6344187703103
2021-04-28,1100.725212101468,-1543.2814873589232,3892.4173828602834
2021-04-29,654.480527578224,-1911.2219913502402,3345.4091539740552
2021-04-30,434.7859323387089,-2319.921997080298,3283.3107572466674
2021-05-02,1173.1029026533722,-1467.8123490538126,3898.9813094528527
2021-05-03,987.4733320230487,-1847.2423896866117,3745.435034927822
2021-05-04,982.2342042887259,-1916.4986260019584,3727.3715442342923
2021-05-05,1012.4320727191576,-1604.8320245304415,3802.176767623664
2021-05-06,575.3694571959766,-2230.4489681099562,3308.7894906686383
2021-05-07,368.1128990535934,-2427.063335211848,3162.3734253903626
2021-05-08,1038.5171181642881,-1776.4741441923777,3939.53764571153
2021-05-09,1140.193918902826,-1453.3766621042626,3944.852762847368
2021-05-10,975.2194567475344,-1908.9665472169356,3868.420784293886
2021-05-11,992.5707131235955,-1907.1708094319092,3655.4585373388345
2021-05-12,1046.7789844196504,-1693.993681895654,3857.306779785998
2021-05-13,634.5852269275426,-2101.35972190183,3508.0845844477126
2021-05-14,452.4642679452744,-2383.573729257165,3249.3564507746005
2021-05-16,1273.1996197704318,-1458.160740290563,4137.4610390000435
2021-05-17,1130.5603859796488,-1652.646088723718,3876.1474949898484
2021-05-18,1168.1787445744699,-1654.336493914791,3965.852499536745
2021-05-19,1240.08976145473,-1506.4599652948082,4000.8312657554156
2021-05-20,842.6009999582923,-1982.477471843182,3512.347611535808
2021-05-21,671.8276416818712,-2020.9602035249493,3525.0572548339555
2021-05-22,1374.7421029387124,-1365.1699683818356,4035.2762110361787
2021-05-23,1504.1661228687615,-1418.6349759262105,4313.57723896894
2021-05-24,1361.4983413489317,-1389.18946612174,3937.9837316061803
2021-05-25,1395.167712604823,-1169.4435726407728,4041.378809246268
2021-05-26,1459.3001625608185,-1528.8788974885151,3936.142950495473
2021-05-27,1050.3830465708083,-1744.7446643169883,3845.6440382729493
2021-05-28,864.79425088897,-1749.7342679536657,3717.5512630115923
2021-05-30,1658.7555623337623,-1125.434838456101,4362.875324776249
2021-05-31,1493.3843405810287,-1236.5277519517886,4285.980781527585
2021-06-01,1502.6557804977338,-1277.0160213570994,4386.9459813939475
2021-06-02,1541.2201365847582,-1302.525018934291,4285.513125975902
2021-06-03,1106.102880110569,-1610.4321370877153,3791.7702072548673
2021-06-04,894.2200301447729,-1836.774835122791,3688.193001338288
2021-06-06,1637.3843924955945,-1071.8743627054123,4368.628603627182
2021-06-07,1448.4699056058348,-1392.9505871694578,4298.155890612191
2021-06-08,1436.0014957083677,-1308.6935513840097,4292.11301956567
2021-06-09,1454.985659474205,-1374.2385255468498,4324.803724091077
2021-06-10,1002.7404678599256,-1866.3576450237078,3585.6864884644833
2021-06-13,1499.231906471498,-1307.2757566248126,4396.946201059926
2021-06-14,1304.5184370136008,-1498.8466423093696,4069.463134643294
2021-06-15,1289.1064083742356,-1461.7487381771007,4022.6453732171335
2021-06-16,1307.8774536013605,-1586.4481780051906,3992.457634733886
2021-06-17,857.9668875460802,-1837.9916848695777,3536.234335442447
2021-06-18,636.2815751467963,-2053.092359112878,3329.353860564408
2021-06-20,1374.2184343969616,-1275.751129890758,4281.751961061715
2021-06-21,1189.3298547362747,-1715.3053819073014,3983.563495100792
2021-06-22,1184.8039940715175,-1484.7674419650752,3845.012076800352
2021-06-23,1215.1783116064476,-1518.240119236395,4028.9507952444387
2021-06-24,777.2512202409204,-1888.8800851956241,3352.3808618022354
2021-06-25,567.6088857177253,-2321.5621216601216,3344.782292520607
2021-06-27,1328.6555120955063,-1514.6478466037988,4007.2073780922574
2021-06-28,1154.3399400172389,-1657.8179294135655,3853.177564719117
2021-06-29,1159.4689628342883,-1658.8701802030496,3962.018254251261
2021-06-30,1198.4365710873144,-1609.2383104903636,4134.599872715114
2021-07-01,767.9429460239847,-2142.350897442904,3630.153692982619
2021-07-02,564.5211154007106,-2248.7107036061016,3525.366935117229
2021-07-04,1334.3721967047238,-1462.6928610011266,4088.964459558652
2021-07-05,1162.7394965586723,-1600.1609912624,3975.446867282976
2021-07-06,1169.5272940318607,-1609.2048359842765,4060.2286444103875
2021-07-07,1209.2550856865641,-1381.5098223220953,4029.8944680398945
2021-07-08,778.7682179272961,-1919.837915179071,3552.8790150348623
2021-07-09,574.7579070238769,-2320.831323473185,3336.595164167582
2021-07-11,1342.3039789484387,-1284.7260092483036,4165.796526591882
2021-07-12,1169.2766540527773,-1736.8547135975844,3715.1611704123675
2021-07-13,1174.7065283904149,-1452.2200859318239,4038.6162619300317
2021-07-14,1213.2415884563925,-1592.1683657829185,3916.8343764957267
2021-07-15,781.8346043625008,-2078.302298071228,3335.289734723075
2021-07-18,1344.9487485088166,-1465.5997916487854,4175.198522485184
2021-07-19,1172.6630590948398,-1664.1748328645608,3829.1131447521893
2021-07-20,1179.2623337231037,-1657.225710745205,4107.987570812555
2021-07-21,1219.3515701103856,-1643.5504883369963,3906.3824361813913
2021-07-22,789.8215632124998,-1735.838315083532,3659.066337421133
2021-07-23,587.3701143072101,-2187.5980772155144,3302.962823566521
2021-07-25,1359.690914181756,-1457.7796256815082,4184.245497976939
2021-07-26,1189.7320498156528,-1490.491150882722,3912.3865950469176
2021-07-27,1198.550367860858,-1344.2258019699218,4026.2770669772162
2021-07-28,1240.6777206449692,-1440.8835089999034,3984.218668922355
2021-07-30,612.0236622524607,-2230.82558067626,3482.5457728108886
2021-08-01,1386.5588828178402,-1263.6698923727888,4257.197843536874
2021-08-02,1217.3478210844983,-1420.2544815587091,4044.3019690990786
2021-08-03,1226.7634068183797,-1410.6116230072569,3955.517858390189
2021-08-04,1269.440805816982,-1514.6026665329034,4077.6133017729176
2021-08-05,842.3449064450517,-1678.014402380304,3780.696175933968
2021-08-06,642.2931515942585,-2137.4322409648694,3545.4202696775537
2021-08-08,1420.013428429953,-1309.5851665087282,4150.745251626824
2021-08-09,1253.5104197677642,-1473.1081946499153,3988.951701859924
2021-08-11,1314.2802663130149,-1361.2191870135246,4053.8691594034904
2021-08-12,893.5525885983186,-1858.0141950902341,3841.3940616942705
2021-08-15,1500.4822889152229,-1281.5891860844388,4226.665698580323
2021-08-16,1347.5191083191678,-1441.9527736569396,4071.0912748574638
2021-08-17,1376.1982609232587,-1487.957208136798,4189.987878983009
2021-08-19,1040.0846075924105,-1786.203414955015,3742.8803989145276
2021-08-20,869.2760669965717,-1985.8516991536824,3755.9333956766154
2021-08-22,1715.5864518345309,-1040.422590708092,4366.048045229349
2021-08-23,1588.138161658554,-934.329870665924,4493.926676572165
2021-08-24,1643.1590490928445,-1277.6991299375852,4410.819111765222
2021-08-25,1735.1092948573519,-974.9647706426058,4550.465525723948
2021-08-26,1360.676636253342,-1554.4461184572153,4126.067664488733
2021-08-27,1216.2961600738315,-1508.6026831394759,3892.4475246706543
2021-08-29,2112.3264628125635,-624.5353727159635,4783.640342618701
2021-08-30,2007.1786025338934,-817.6312151121128,4839.019954350762
2021-08-31,2082.1285330083424,-615.324714419835,4939.367465541787
2021-09-01,2191.1495152784623,-776.0806854181982,4865.5438366979
2021-09-02,1830.463933548772,-1026.7265405272203,4564.12377777838
2021-09-03,1696.0729835427505,-1047.1917635315467,4365.83564681346
2021-09-05,2599.287825590668,-79.0985414217803,5223.637910857116
2021-09-06,2490.7067941440323,-73.44638120889941,5101.527320098758
2021-09-07,2557.2248686195767,-103.58641825482349,5418.346956717697
2021-09-08,2652.6663960252035,-219.58555577643835,5358.087052325414
2021-09-09,2273.180721737966,-504.9743216821667,5022.8452025996685
2021-09-10,2114.77530464285,-812.2093220479336,4856.569576656406
2021-09-11,2824.362807081011,-94.74513948688514,5379.068688718171
2021-09-12,2954.7503108188107,156.69611091134652,5645.069398460622
2021-09-13,2807.363857054771,122.90102649890082,5829.920889316671
2021-09-14,2830.698822236818,94.36225828076299,5604.613890533712
2021-09-15,2878.983690756875,-32.364109304892075,5475.250252449336
2021-09-16,2448.8419135279187,-225.83342023357977,5193.438645376387
2021-09-17,2236.818803142224,-666.5561076654617,4939.681476878698
2021-09-19,2963.098992961522,253.96863714571674,5682.574346334448
2021-09-20,2756.9594628694513,20.008331633620383,5525.05196653878
2021-09-21,2721.209083283152,-77.6161265296241,5459.002808387852
2021-09-22,2710.806544963155,7.503231386684259,5372.845783370016
2021-09-23,2223.1142387731516,-593.6329985000606,4783.4343991706955
2021-09-24,1955.4145242514132,-653.7408306446118,4773.700713398333
2021-09-25,2555.9389096720474,-88.54543178441311,5078.62275017346
2021-09-26,2578.8385938276715,-132.8961879161913,5241.249937856381
2021-09-27,2326.8898644063147,-605.2368801808032,5097.946409264717
2021-09-28,2249.92516622391,-678.2992933880325,5216.48604641842
2021-09-29,2203.4776940778447,-301.7078180900149,4967.634711539483
2021-09-30,1685.4244829125416,-1047.2517478607597,4405.260289797109
2021-10-01,1393.4952153788424,-1335.2119398633902,4265.51412694458
2021-10-02,1976.2948460852124,-786.6819565155965,4569.910342319304
2021-10-03,1988.268565444909,-907.7829770822943,4788.296199032228
2021-10-04,1732.4026569629973,-1054.4394931245852,4540.530765947519
2021-10-05,1658.652107064769,-1091.2939624863561,4220.327399276001
2021-10-06,1622.5828555648645,-1233.560760296842,4452.309515686054
2021-10-07,1122.0136810701283,-1777.389471100535,4017.492089757307
2021-10-08,854.5249519818847,-1976.1063364126678,3442.2212100472357
2021-10-09,1468.4823426664507,-1453.9172394107609,4268.612359283738
2021-10-10,1518.0040282507869,-1329.443718742682,4319.86066317806
2021-10-11,1305.664893206112,-1399.9239326004574,4157.014056836864
2021-10-12,1280.9285850742895,-1452.5341390870683,3911.1576306342185
2021-10-13,1298.7952648865003,-1488.6042295817288,4024.413423454915
2021-10-14,856.450002954808,-1962.2889857968983,3579.6516608456836
2021-10-15,650.7789958553175,-1948.2118781068,3449.937883721687
2021-10-16,1329.4016397338555,-1413.316505460543,4165.2651181134215
2021-10-17,1445.646898643642,-1421.1924370507595,4260.0921827357915
2021-10-18,1301.2674177942763,-1370.0884539886179,4073.2422264567044
2021-10-19,1344.8821163979176,-1520.9517909099975,3991.2226691206156
2021-10-20,1430.6350038252212,-1235.9773730314364,4183.703541650874
2021-10-21,1054.855045290224,-1831.1391464712476,3941.506833067971
2021-10-22,913.5841249449834,-1826.396602240567,3725.78060653218
2021-10-24,1827.5094832039617,-1007.7574199701029,4841.05330528827
2021-10-25,1736.2642829070737,-960.3140232554565,4443.885128106853
2021-10-26,1827.8248196652703,-1041.1023035562732,4558.096269425896
2021-10-27,1955.7248240015194,-916.9035020180811,4604.630949652682
2021-10-28,1615.7622140081944,-1333.345257499944,4440.579922985775
2021-10-29,1503.5361589359907,-1221.495401675679,4306.972541852652
2021-10-31,2453.9513403658084,-308.3762535195684,5130.663869876241
2021-11-01,2369.772804087994,-481.9082685513765,5211.504995409419
2021-11-02,2460.879901304058,-142.52705615178263,5142.497737445744
2021-11-03,2580.8973995178376,-379.21292245214454,5316.762341641509
2021-11-04,2225.8283519683696,-599.8634068179266,5295.241877025963
2021-11-05,2091.5893523932773,-629.411931004832,4989.460739549099
2021-11-06,2825.058702257587,8.369148716253239,5878.730235330656
2021-11-07,2979.0655808481024,381.53909207213417,5631.967087850519
2021-11-08,2855.1133581045137,259.5183885186114,5602.578680901774
2021-11-09,2901.827521322185,25.934961702520756,5531.0573781369685
2021-11-10,2973.6157496422525,91.2164964583232,5523.979376827089
2021-11-11,2567.3248170709126,-50.831547537504214,5453.953378872317
2021-11-12,2379.7612882419116,-427.15253308849367,4952.01824617095
2021-11-14,3157.975934682378,349.76262252826155,5910.2479726921065
2021-11-15,2979.9511781381048,179.0898914022379,5817.6656717327105
2021-11-16,2974.1840065735264,245.0659231367936,5581.108858575425
2021-11-17,2995.9517423955563,132.50434651709963,5833.818427658317
2021-11-18,2542.9141728298832,-264.1120171934931,5582.8577057365355
2021-11-19,2312.617620661705,-483.866171559765,4969.2087619148715
2021-11-20,2953.5118190825783,180.72388291624623,5769.0289971818775
2021-11-21,3019.908311681077,405.92414093167866,5808.532747274311
2021-11-22,2814.674163070515,108.88952409275065,5436.730997842677
2021-11-23,2787.652097998119,38.82020639411691,5555.160867685741
2021-11-24,2794.295235822966,-96.82388083833335,5311.489486123911
2021-11-25,2332.301705116096,-400.3231212991584,5041.268017693804
2021-11-26,2099.116662385108,-763.0160355327596,4837.049989086471
2021-11-27,2742.950101373782,223.11851167836835,5600.51103701376
2021-11-28,2817.7392371789206,115.41840591796921,5390.82216499227
2021-11-29,2625.849245921378,-102.11711735343087,5377.495377371439
2021-11-30,2616.503402521811,-54.02213798478928,5484.485961547895
2021-12-01,2644.4306369373335,-155.27168885744732,5560.608313458219
2021-12-02,2206.515577159498,-450.92455256821677,5014.891438617442
2021-12-03,1999.3183161504421,-813.4334269993454,4832.029353406499
2021-12-04,2670.111946162328,-293.3971049139927,5374.293158603323
2021-12-05,2771.866235732533,166.09457700766654,5769.505321792409
2021-12-06,2605.9707791546375,-157.00962336356196,5411.421096384507
2021-12-07,2620.6881679148632,-326.6806594243869,5579.537639816225
2021-12-08,2669.8246832223986,-142.73553704139914,5446.448789540594
2021-12-09,2249.403039381228,-474.97869226847916,4907.204884531529
2021-12-10,2055.2038752784224,-683.680977624828,4845.2314141909565
2021-12-12,2837.675757911956,-5.713713990671366,5537.50872542684
2021-12-13,2667.7308757037445,-139.937910691128,5555.908927245938
2021-12-14,2671.981396019357,-137.7360853443445,5352.399122000877
2021-12-15,2704.122346787237,-71.46406993980692,5539.81590864784
2021-12-16,2260.229868067047,-576.0694708055097,4982.605270292051
2021-12-17,2036.304779527363,-720.2447405888428,5075.259338695322
2021-12-19,2742.2588891885543,152.25034313964892,5617.026562934981
2021-12-20,2526.7597017256116,-31.2259878351325,5426.5012930465855
2021-12-21,2481.652627362759,-22.924558400265887,5233.253815318311
2021-12-22,2461.580599071524,-359.4909873012117,5220.809508141682
2021-12-23,1963.666159480655,-816.5637363510083,4568.749884821675
2021-12-24,1685.0320492811798,-1068.2746805839272,4399.011370597756
2021-12-26,2284.2191098928106,-578.452779842801,4914.787391450883
2021-12-27,2019.0483783925822,-988.8643795327031,4700.790567477308
2021-12-28,1928.2992486038677,-922.0487340132199,4699.183173172469
2021-12-29,1867.7112979649808,-796.542603797657,4829.912507402778
2021-12-30,1335.4152845529898,-1479.5817951349438,4325.786762109565
2021-12-31,1029.4281433033573,-1749.295189215308,3841.901793191002
2022-01-02,1597.864362776435,-1156.209652364351,4309.611472248135
2022-01-03,1330.3190784056208,-1580.0864368302193,4035.7028109491666
2022-01-04,1246.2402596755066,-1526.4314188316832,3811.4677258114825
2022-01-05,1201.4068198923326,-1629.9593318380066,3940.5946631619663
2022-01-06,693.7876388995044,-2160.5100376922765,3481.8878067243572
2022-01-09,1079.2059894116405,-1521.274802509525,3885.131414936803
2022-01-10,866.4978611091722,-1850.2915442543479,3582.6104965638037
2022-01-12,861.8863269199301,-1838.319354260776,3673.930813199489
2022-01-13,421.2327313434973,-2348.8806846879274,3286.7289087967574
2022-01-17,861.6074577089832,-2022.9397079535077,3464.359702353773
2022-01-19,971.2044735911718,-1826.3610036139867,3741.642736270296
2022-01-23,1261.7617831244388,-1465.5812503742804,3955.3317175680604
2022-01-24,1126.1928968717652,-1599.2988971366963,3911.360642807342
2022-01-26,1232.8416120170652,-1717.3105489503346,4052.2896270920032
2022-01-27,824.1695223743826,-1854.5282654530401,3744.173708544381
2022-01-28,635.1782791562503,-2193.319098707684,3377.160456592409
2022-01-30,1409.461841717073,-1234.0539379242725,4056.388847727963
2022-01-31,1227.175949076673,-1613.1981030465897,3940.5532489573397
2022-02-03,760.0999015674347,-2168.2143876461987,3392.3129213865213
2022-02-06,1174.0593305756747,-1669.4490302983402,3989.2665428498935
2022-02-07,940.4497458274684,-2105.2363598996358,3739.443353754871
2022-02-08,881.9220460006918,-1802.4500422645829,3699.110309999711
2022-02-09,854.5005318687158,-1951.3096432798707,3614.405908550182
2022-02-10,356.5990706063441,-2439.974651180138,3126.740375588075
2022-02-14,506.5063954770077,-2446.375423469694,3303.893256530374
2022-02-15,466.5909753449359,-2431.999997599668,3127.4372313710523
2022-02-16,468.38436561804735,-2383.0361931943053,3159.985793852035
2022-02-18,-211.0833731474862,-3009.635786140686,2516.0254386584465
2022-02-20,558.1615770525921,-2243.4250887730677,3359.027396636255
2022-02-21,404.6307665676393,-2098.315705287702,3406.48167377145
2022-02-22,442.09061582765275,-2155.020488463803,3259.8652967503385
2022-02-23,524.9446587853799,-2233.2554272475813,3424.0088408211814
2022-02-25,12.254889660931099,-2727.4345083645608,2626.715777840626
2022-02-27,943.4882483000038,-1700.8028414823577,3586.8925762674453
2022-02-28,865.099993405403,-1831.0909463299995,3436.294964825372
2022-03-01,971.7762695493027,-1730.5448448926454,3617.514758113552
2022-03-02,1116.547478682332,-1877.0792665792917,3746.5107119707345
2022-03-05,1481.7066378703498,-1050.7394168372166,4292.297370383046
2022-03-06,1688.179032960462,-980.2935618058818,4171.16682506045
2022-03-07,1620.7932671029362,-1162.3049057528976,4394.730521732888
2022-03-08,1726.9045542965648,-1083.7860871201535,4292.383629681848
2022-03-09,1859.6268241608955,-1009.1633376767986,4618.897914762455
2022-03-10,1514.5158039830594,-1387.7444166111907,4149.750106122382
2022-03-12,2124.011625877549,-679.9300406890119,4843.617275998772
2022-03-13,2277.831525253609,-523.6826280755154,5112.395141045977
2022-03-14,2149.964323553079,-467.2136549457686,4890.54603458481
2022-03-15,2189.0111579163504,-490.2845265674068,4952.774452246897
2022-03-16,2249.4415328613504,-464.86397598785885,4921.665156258466
2022-03-17,1828.2445555126362,-875.0268207037865,4733.8932134844135
2022-03-19,2280.1096169045554,-517.9402856048991,4967.479956628677
2022-03-20,2355.3408818386597,-455.89062504161683,5144.04851514074
2022-03-21,2150.937989781928,-624.0884691985977,4687.188142466291
2022-03-22,2116.8304242989902,-701.7263100438579,4931.252296079357
2022-03-23,2108.7040014184204,-825.9163423203802,5012.237917948028
2022-03-24,1624.627733324364,-1123.242235844014,4262.584843936283
2022-03-26,1971.2847479421753,-837.4429649496066,4822.5547345790865
2022-03-27,2005.5006524477603,-585.9012526250973,4844.986313627175
2022-03-28,1768.367548350539,-870.0042655569359,4533.983054966394
2022-03-29,1709.9912440805656,-1118.2067402341559,4308.017341157835
2022-03-30,1686.0411682333895,-1077.1753901990135,4372.318358005462
2022-03-31,1194.3841535547463,-1623.1831150563285,4039.6569331585647
2022-04-02,1548.9422024211337,-1443.959178376249,4298.552462197699
2022-04-04,1380.4208441640917,-1413.5721309930523,4045.6791212420603
2022-04-05,1347.1383024671736,-1228.8867488952587,3947.838753420558
2022-04-06,1352.2887118962915,-1380.4967502574252,4261.909656494571
2022-04-07,892.735780301751,-1963.304957015967,3860.8352589534807
2022-04-09,1316.4466139086257,-1477.5931203007578,4015.42796432645
2022-04-10,1399.9985667863343,-1419.5880002508432,4144.0653277124275
2022-04-11,1217.1484437049194,-1246.237417745802,4058.664437767339
2022-04-12,1216.2784580540338,-1531.2247631941993,3891.6124671744597
2022-04-13,1251.3643042365916,-1505.241568682188,4164.229340262744
2022-04-14,818.6509021967713,-1839.4441838728105,3618.862387634945
2022-04-16,1284.9188514175942,-1422.9494042264469,4153.400506006569
2022-04-17,1383.6122497397005,-1488.6927081908452,4239.242140319365
2022-04-18,1211.660036868492,-1464.7894839296248,4011.0732163460393
2022-04-19,1217.5011067113817,-1548.1378798588848,3754.5169946056626
2022-04-20,1255.296783892789,-1578.692467176141,4213.341006702188
2022-04-21,821.5962572922283,-1899.902563718565,3817.0577113608
2022-04-22,612.8654633109983,-2139.7541329450987,3326.949495915491
2022-04-24,1365.9409396239216,-1315.6025882265897,4107.238410278103
2022-04-25,1183.1152907857197,-1637.362368901064,4153.025352745803
2022-04-26,1177.1447114857608,-1388.9525143386907,3932.574385256334
2022-04-27,1202.8576041052947,-1437.7079942483772,4081.7010588012313
2022-04-28,757.4613652554148,-1974.1447889454155,3471.8936327741058
2022-04-29,538.0516339586688,-2030.4375030216413,3281.533790667826
2022-04-30,1192.6340872343767,-1467.3603083622404,3895.6108396249533
2022-05-01,1275.0875692542695,-1602.4077775697608,4006.3262417558435
2022-05-02,1087.8623965903555,-1750.4441689825098,3722.547743055349
2022-05-03,1080.4050009205478,-1890.1711103560763,3522.4967225783676
2022-05-04,1107.797101716131,-1869.3403253110964,3868.0871329934535
2022-05-07,1122.5553244123073,-1813.0515533985104,3822.9561786927534
2022-05-08,1219.7694903978554,-1309.3075454587322,4085.8232619911128
2022-05-09,1050.1544964606674,-1796.9832347497722,3811.211616332562
2022-05-10,1062.7986272158464,-1801.130200366946,3622.6161290770197
2022-05-11,1112.3473088111273,-1785.2073647442842,4089.350588611883
2022-05-12,695.6552715821351,-1961.12228149451,3494.7751200219336
2022-05-13,509.3076402916612,-2210.009106178039,3271.702128858317
2022-05-14,1200.657852543513,-1596.3003148747619,3902.1523504243432
2022-05-15,1322.810656431434,-1437.6985995157943,4172.171250422148
2022-05-16,1177.3434025009738,-1696.473086373081,3853.429666603292
2022-05-17,1212.7560909913584,-1466.3305645160897,3962.3235150924747
2022-05-18,1283.1376140935708,-1635.3518220365331,4010.5220397207404
2022-05-20,713.9762653976773,-1811.7205531295444,3559.836698274328
2022-05-21,1417.5427610919455,-1377.7799074538561,4245.39381282887
2022-05-22,1548.3384514526979,-965.9591303650895,4230.794335665472
2022-05-23,1407.7296630011142,-1145.3392491860213,4333.959949899272
2022-05-24,1444.097299956876,-1271.298240074039,4269.730408666681
2022-05-25,1511.5050015897893,-1217.8061900667783,4127.84324758658
2022-05-26,1106.365447070385,-1761.9041854484437,4004.283429944853
2022-05-28,1614.5405454120523,-1441.967385226457,4496.127922050099
2022-05-29,1728.1982467983519,-1045.1417643771335,4383.390038453392
2022-05-30,1567.698226180454,-1350.0119564118236,4339.559721916938
2022-05-31,1581.865042396412,-1250.7549509009239,4402.6003704212535
2022-06-01,1625.2501222030728,-1114.5189499520343,4259.474769994714
2022-06-04,1650.546637742238,-1075.0724952415173,4490.4409198650455
2022-06-05,1738.1854303845553,-973.784658480989,4732.112546312759
2022-06-07,1542.7096192208107,-1165.626513211195,4062.191044434093
2022-06-08,1563.8682494923655,-1300.686486271669,4274.113341792272
2022-06-09,1113.2528705281727,-1764.6856977788132,3920.9689609854454
2022-06-11,1536.1120071649054,-1145.471957941865,4331.368567043718
2022-06-12,1611.410137106263,-1181.655122842064,4156.533274406696
2022-06-13,1416.2534897760245,-1545.6856102714094,4186.47282187136
2022-06-14,1399.9637379399558,-1312.822691610361,4042.324050552619
2022-06-15,1417.4742052957718,-1519.2196636066612,4013.987174171339
2022-06-16,965.9780742727795,-1698.8054304797402,3766.193703063405
2022-06-18,1394.6498251183834,-1219.9871026208446,4091.8371638772064
2022-06-19,1476.154782386148,-1346.7986100882467,4215.81076528708
2022-06-20,1289.0169161795943,-1349.5490519894074,4007.6411046669414
2022-06-21,1282.233011789913,-1327.7915073315355,4081.2628412659237
2022-06-22,1310.3966711793992,-1610.5902701004131,3887.782975514626
2022-06-23,870.3565636013677,-1757.5172124462501,3583.5650689856384
2022-06-25,1323.074922725726,-1421.7408410010187,4063.445370021635
2022-06-26,1416.506518270865,-1267.714897609995,4232.543418291131
2022-06-28,1244.8823036522008,-1345.5533585344097,3913.912206602034
2022-06-29,1282.9807625935537,-1549.430304132008,4148.6464563590025
2022-07-02,1318.8203287446972,-1502.1348551734916,4108.9415962764215
2022-07-03,1417.5541259421857,-1208.42474575653,4208.142200549086
2022-07-04,1246.003069391208,-1433.4312970366132,4024.0600123614568
2022-07-05,1252.9848706179196,-1325.5280548977594,3927.422778616291
2022-07-06,1292.9872724244974,-1612.0447510775034,4178.286183034644
2022-07-08,659.1554894337933,-2324.9474149363637,3196.069363070901
2022-07-09,1329.5244341742305,-1498.386746100666,4331.969385666828
2022-07-10,1427.331173139084,-1253.7089100219423,4274.067482173788
2022-07-11,1254.5458349449605,-1413.5932538869672,3901.03997390977
2022-07-12,1260.1460130044063,-1703.605848489782,4304.411016182805
2022-07-13,1298.7685281476975,-1417.1237006214014,3977.7784696791027
2022-07-14,867.360175422019,-1885.889552392383,3568.785827074129
2022-07-16,1332.4040904825458,-1410.8958134355112,3937.0434314731824
2022-07-17,1429.9528017420355,-1123.8480361105246,4134.981498668397
2022-07-18,1257.3483191163048,-1523.0456714040201,3779.7845066549576
2022-07-19,1263.5790373678644,-1240.9549593375707,3729.1059154511354
2022-07-20,1303.2672183232837,-1233.4064969868932,4097.4996801303405
2022-07-23,1342.238202919414,-1568.2413774407844,3873.6111701664563
2022-07-24,1442.037840728765,-1405.212712007291,4102.545797105366
2022-07-25,1271.7750278057429,-1425.8716937492015,3968.2413244642853
2022-07-26,1280.3466263191444,-1299.0069479676893,4204.614299401386
2022-07-27,1322.2881924195065,-1381.531012145078,4149.400930801482
2022-07-30,1366.8100925446104,-1241.8112461540093,4032.548190227739
2022-07-31,1467.9225022615333,-1322.0470625159676,3983.9151379643777
2022-08-01,1298.696530068426,-1348.7446840030796,4246.302628888589
2022-08-02,1308.0663150408225,-1577.2921765523383,3900.5749355718467
2022-08-05,722.9296836123133,-2218.4289973626983,3604.1059072240278
2022-08-06,1397.1029856063851,-1675.1845207333852,4142.137517903837
2022-08-07,1499.382368845974,-1234.1347581085279,4089.6864058134865
2022-08-08,1331.882252077983,-1241.4135530809267,4058.7125105378277
2022-08-09,1343.7378549501325,-1355.3655536059805,3980.514360835778
2022-08-10,1389.7584290531927,-1399.0269322275078,4236.249822079779
2022-08-11,967.0787014823488,-1939.7876565938795,3797.736830745272
2022-08-13,1454.3985346907352,-1121.670192312419,4260.98044781346
2022-08-15,1409.547682555304,-1419.8906422832358,4211.134521364638
2022-08-16,1434.5453073275798,-1386.748675390761,4201.8983760543715
2022-08-17,1495.6988769214854,-1278.2580647721036,4234.939885241005
2022-08-21,1751.6610903048509,-835.500900913345,4583.265431425434
2022-08-22,1619.3923465260373,-1187.884031547645,4231.370973042139
2022-08-23,1669.645186720547,-1200.053114084009,4569.860012472934
2022-08-24,1756.967027662033,-1070.8842482527793,4734.723154859388
2022-08-25,1378.136444489458,-1366.5979022668075,4033.4055608316917
2022-08-27,1958.9122184237872,-1011.9656140027731,4509.415573015503
2022-08-28,2118.90103622525,-515.1319444022444,4879.616673710436
2022-08-29,2011.1956767364375,-842.6635574156066,4511.907535810056
2022-08-31,2192.1541449232427,-572.004964948503,4936.255590667499
2022-09-01,1831.1535154549688,-1048.4328045523205,4442.1379016063
2022-09-03,2437.5168620221966,-268.49562965788925,5106.811872905378
2022-09-04,2604.416601463808,-215.95131634909814,5233.335093545038
2022-09-05,2499.209246826252,-192.49554138440797,5167.967965786682
2022-09-06,2570.0624904977303,-243.53133475465083,5047.395907377245
2022-09-07,2670.7871363916547,-149.3647760235513,5590.691593886197
2022-09-08,2297.5038322213322,-641.552856983576,4971.364490498092
2022-09-10,2863.6589150803934,62.78937094810795,5767.764609120108
2022-09-11,3002.6864012205137,380.0383697886899,5729.563437297783
2022-09-12,2864.599452593063,94.37947900647252,5936.993004929913
2022-09-13,2897.7961476242617,217.37536898806002,5469.276260071172
2022-09-14,2956.3970714368434,184.55411152455042,5673.581568245436
2022-09-15,2536.9086844693866,-285.4822373427348,5298.5876702492915
2022-09-16,2335.751878079708,-577.4895208634628,5008.801258571021
2022-09-17,3000.3035349380207,284.513535990387,5787.11300431695
2022-09-18,3083.8793546870443,161.61389249623534,5757.44190674224
2022-09-19,2888.4512582249645,167.87221197835208,5355.483099825622
2022-09-20,2863.090012954703,-51.491275499274906,5704.497099653412
2022-09-21,2862.6207756415943,-59.07598378133287,5522.60803214412
2022-09-22,2384.276381749218,-313.3705002159985,5027.5869101113
2022-09-24,2733.553449511681,-34.988571307974745,5591.446698257313
2022-09-25,2763.3346750981823,56.356056980973506,5566.714173196537
2022-09-26,2517.2394066199145,-80.32841053790345,5487.52078257184
2022-09-27,2445.016245300155,-308.6026643431706,5285.5181490856685
2022-09-28,2402.1279472008555,-674.1749475815918,5086.09849996142
2022-10-01,2178.045632541917,-612.6135043589925,4792.631412881372
2022-10-02,2188.4451526617777,-621.8186621210222,4935.477820119531
2022-10-03,1929.7011861465298,-932.2610774024054,4687.035147069939
2022-10-04,1851.7936961688313,-935.9284248258253,4745.91530628972
2022-10-05,1810.4751492239616,-979.8531239669817,4553.957755148066
2022-10-08,1633.8554533859779,-1122.3061563288124,4288.335433141766
2022-10-09,1673.905748995504,-1218.6410004095646,4523.764532491745
2022-10-10,1451.2925788433756,-1365.409627260038,4187.850750754773
2022-10-11,1415.6052285101957,-1434.024081695739,4024.18137795235
2022-10-12,1421.9792938706378,-1567.2190194188374,4169.462779002242
2022-10-13,967.7434268587285,-1752.8787188561125,3595.7405592462624
2022-10-15,1416.324102872898,-1364.748997203061,4100.741893942282
2022-10-16,1520.4002443196136,-1087.6886847843623,4283.863874236164
2022-10-17,1364.0720378221724,-1344.6699137969772,4201.387041470169
2022-10-18,1396.1138217306925,-1294.3192158695917,4311.6632587648
2022-10-19,1470.821067075707,-1219.1015697703035,4420.556970589356
2022-10-20,1084.6680679007218,-1627.3100891539677,3830.5889534383027
2022-10-22,1665.243544086502,-1042.7505509626733,4480.262127181191
2022-10-23,1831.5555695933713,-794.4983711063259,4589.807355268696
2022-10-24,1733.8845647784017,-1204.6935265876293,4345.536890019234
2022-10-25,1820.2540411577806,-1098.5358733521007,4719.227754252493
2022-10-26,1944.264329538608,-917.7435290812397,4571.36158918564
2022-10-28,1488.371748338609,-1142.2634125332042,4232.621643329582
2022-10-29,2250.555886726567,-537.164932758151,4932.770836961033
2022-10-30,2440.6005691716573,-20.874221566122998,5161.093147544992
2022-10-31,2359.350892435269,-352.4278991550948,5274.514763094717
2022-11-01,2454.6678965638116,-342.4960557866766,5324.887472503182
2022-11-02,2580.10070551635,-141.33896795011853,5298.683502198092
2022-11-03,2231.5575175375848,-669.1687522433756,4941.780543581626
2022-11-05,2846.704262961787,15.825601565758351,5514.527440216411
2022-11-06,3009.829902270613,263.50041560088783,5771.231462393657
2022-11-07,2895.567863398785,87.50177811905802,5749.0083816861525
2022-11-08,2952.3799269752726,206.90652781002856,5649.604117958307
2022-11-09,3034.50389106239,205.8153673693987,5886.721569781632
2022-11-10,2638.6135553940453,-338.4006709035062,5174.716649849095
2022-11-11,2461.3426353978402,-477.579186652628,5035.120899664313
2022-11-12,3150.3204315697035,437.1684619170132,5949.259979656941
2022-11-13,3259.1475465120443,508.9348810892462,6048.576082073515
2022-11-14,3090.1050214230754,182.4395715390351,5881.612333436427
2022-11-15,3092.5876219258944,254.9962143797336,5699.141636672802
2022-11-16,3121.7490879098173,503.96215331904716,5975.150384701476
2022-11-17,2675.1443258458467,-116.45770458559304,5520.236965313241
2022-11-19,3095.412434999298,347.7254053795532,5884.147721308199
2022-11-20,3165.110286326296,580.0213116504282,6024.294649883326
2022-11-21,2962.0246288518483,182.95786623516693,5967.714165332986
2022-11-22,2936.013292232642,150.50921951585815,5819.270216512429
2022-11-23,2942.570408120441,268.18555266631796,5683.105009868453
2022-11-24,2479.460384478679,-129.82694848105314,5435.1213998927415
2022-11-25,2244.2187138190757,-577.2185644958205,5026.457302978803
2022-11-26,2885.168013193661,95.60261475614243,5600.578324770117
2022-11-27,2956.3781050729403,149.9708247420899,5784.320715730485
2022-11-28,2760.363957817288,211.15133517001817,5450.700945775133
2022-11-29,2746.512579258286,-113.71817774810792,5422.027020150818
2022-11-30,2769.7269466190337,-14.09351138695796,5518.034833397023
2022-12-01,2327.072114433514,-433.5537991390555,4995.858222775055
2022-12-02,2115.290823275741,-815.8553495168327,4880.794645960931
2022-12-03,2781.8367391414226,150.2877558406237,5735.083371962792
2022-12-04,2879.8538002782234,115.9457097828642,5789.7160252718
2022-12-05,2710.895099295712,104.71704583231653,5439.275744500968
2022-12-06,2723.3719522511587,20.28072813621651,5369.6448762646505
2022-12-07,2771.220754206879,30.43039627512828,5615.280545239146
2022-12-08,2350.5722477835848,-401.70351515746006,5122.945653358279
2022-12-09,2157.289992481191,-537.0470248901969,5170.260042625787
2022-12-10,2838.0256222239436,-43.70720084289016,5696.999558901187
2022-12-11,2945.2188311064165,203.23642098685667,5899.851848892702
2022-12-12,2779.8349973783156,-11.936249726770656,5454.796572751154
2022-12-13,2789.8306116075137,-20.191098338910866,5499.334576622548
2022-12-14,2828.8336678203696,72.02724274109818,5811.680615282681
2022-12-15,2392.823260364988,-259.3854044870445,5083.263704073213
2022-12-16,2177.6748584330358,-512.9287301266701,4908.174008486118
2022-12-17,2830.218607373036,-20.98347373030134,5615.298806727156
2022-12-18,2903.2384436294637,248.83573685849873,5729.924611504868
2022-12-19,2698.204871534499,-214.2987469023773,5294.26743546824
2022-12-20,2663.7316009061506,-298.7091956583326,5352.534112669695
2022-12-21,2654.243333713321,-154.4058457124034,5412.161710472656
2022-12-22,2166.6391674499464,-692.696786898101,4983.092840666946
2022-12-23,1897.818404139456,-880.8211013183602,4748.165405800959
2022-12-24,2495.7165173796066,-207.1522849330289,5306.099130637484
2022-12-25,2514.279545825773,-215.6815199564813,5352.429031753908
2022-12-26,2256.170310870375,-622.817542129825,4859.335906986084
2022-12-27,2171.197262878077,-627.3518543086008,5207.533037871552
2022-12-28,2114.953891675066,-568.766420566393,5087.99118229148
2022-12-29,1585.4538431731444,-1422.1080107055252,4402.2312762792635
2022-12-30,1280.7716622230585,-1381.1111395244727,4048.0974769794952
2022-12-31,1849.6253617038803,-916.9438062429392,4668.412639898462
2023-01-02,1575.4612495343595,-1258.6158536003406,4173.805170467766
2023-01-03,1486.0242582949625,-1198.1939341465838,4432.852623944494
2023-01-04,1434.3209401634504,-1555.7940553148414,4058.299493739118
2023-01-05,918.4540849461978,-1864.7567851370231,3619.5791140487718
2023-01-07,1236.2394519648124,-1568.2897946906862,3812.9997270659314
2023-01-08,1272.6684414550691,-1747.9029522875162,4003.042642729093
2023-01-09,1048.1356185529103,-1649.2505760892655,3833.394314792509
2023-01-10,1012.0447489727994,-1799.2460800460708,3682.72945709267
2023-01-11,1019.2420915476523,-1641.581827456838,3618.7255495719687
2023-01-14,1018.9950146262486,-1836.1323190358542,3837.0066493211043
2023-01-15,1123.911738240995,-1598.9269549147143,4013.3263776470444
2023-01-16,966.7758876423883,-1903.5603060090202,3689.734666771548
2023-01-17,995.575063594921,-1721.8624132971684,3625.9791871656525
2023-01-21,1211.0165104957428,-1646.8107768194318,4090.3532622185694
2023-01-22,1349.7992708475724,-1451.2162062344921,3984.8785435144187
2023-01-23,1217.5862981289558,-1582.021739306544,3855.2944914157797
2023-01-24,1261.883834605186,-1606.2597118369792,3956.747484284733
2023-01-25,1335.9062303108353,-1385.7387557599523,4087.6160683857497
2023-01-28,1443.224893842218,-1493.8530668264443,4203.199031141826
2023-01-30,1380.1140885525754,-1586.7510092763134,4165.698264639202
2023-01-31,1379.1623128437202,-1309.759141193912,4183.152425301309
2023-02-01,1402.536932055911,-1141.4474131680204,4188.738876385871
2023-02-02,947.182706241565,-1962.00525069108,3806.766382549451
2023-02-03,710.0996250154823,-2120.6047548257725,3524.69802873313
2023-02-04,1339.3734131205797,-1558.9005941053774,4030.781853199412
2023-02-05,1389.143321216121,-1538.7441536894216,4012.8924377167014
2023-02-06,1162.3008033546857,-1692.5114882188907,3806.128732722366
2023-02-07,1108.9101113136323,-1626.5026141356382,3899.7274000394873
2023-02-08,1084.838982225233,-1626.7730690598032,4001.6917246602366
2023-02-09,588.3848100727201,-2185.3208009439018,3323.173241919293
2023-02-11,922.1133471348053,-1624.7524797100923,3774.16064604505
2023-02-12,956.4320876898539,-1912.2514983863982,3683.8771604416156
2023-02-13,724.2596854292385,-2235.338590653797,3600.3732396846594
2023-02-14,676.0800585830386,-2021.6755922237326,3516.3500067266727
2023-02-15,667.9413278887101,-2107.7033323101455,3435.600804193905
2023-02-16,198.0765805152277,-2797.7843531702642,2897.0568042160844
2023-02-19,705.5666238096335,-2005.5159930212358,3612.0145677515084
2023-02-20,537.2886331356681,-2360.917926466097,3227.688168730325
2023-02-21,559.8741344927531,-2163.1897311772964,3206.870798262369
2023-02-22,628.0366099699626,-2233.509181675446,3618.4103466506212
2023-02-23,238.54210391125434,-2568.948919971752,2920.4963444910322
2023-02-25,822.5642216102588,-1967.648574350843,3718.612730967776
2023-02-27,907.7627904343265,-2002.0047658849305,3698.2483609387536
2023-02-28,1006.7426998899399,-1838.907076915482,3529.4726860967407
2023-03-01,1145.7372104700282,-1556.865351866782,3831.9744986082324
2023-03-03,724.927803216005,-1985.002951176692,3489.550533203479
2023-03-04,1506.074687281559,-1241.0413942577868,3971.5674367576976
2023-03-05,1715.2207622425499,-887.773771380315,4505.5305982318405
2023-03-06,1652.5943862862912,-1164.0611885528358,4285.7190110341935
2023-03-07,1765.4538364465361,-1093.7178955880975,4376.4285517244
2023-03-08,1906.7766596800952,-1127.6829268125327,4679.155707052561
2023-03-09,1571.9462949677218,-1205.3775891613834,4332.405598961364
2023-03-10,1456.3023244018248,-1333.4197424354952,4123.753870319992
2023-03-11,2206.201657715271,-408.27484997440183,4943.59727376067
2023-03-12,2374.0184621259855,-519.5406989740088,5161.501872713647
2023-03-13,2260.875778474212,-558.0686732467932,5217.674623093377
2023-03-14,2315.099179239282,-400.07056830952297,5238.205402839444
2023-03-15,2390.879970921741,-409.6548221568922,5230.019802224562
2023-03-17,1794.0138642320974,-1041.4472824744869,4474.433954159595
2023-03-18,2465.9504912733064,-65.94933811239225,5043.450686811836
2023-03-19,2554.6062468150053,-231.5787276574813,5268.651851673853
2023-03-20,2362.579787109653,-287.17968027012483,5174.506967968124
2023-03-21,2339.62593717198,-260.8198127100721,5158.648173328662
2023-03-22,2341.2881555829017,-553.4146611654476,5260.821735253112
2023-03-24,1610.2172579574549,-1266.2935570786315,4565.931053034417
2023-03-25,2224.1476038548994,-660.6891369219691,5094.323835201786
2023-03-26,2261.9765010306305,-487.2234590995036,4890.085202529064
2023-03-27,2026.9138160063012,-675.2814917680088,4742.995536687608
2023-03-28,1969.1343184885463,-749.4523921453332,4893.972347290762
2023-03-29,1944.4065215524108,-913.9103571050866,4625.0098978049555
2023-03-30,1450.7230026480602,-1221.6726105608457,4154.025691279146
2023-03-31,1185.7998136760675,-1509.2368821977464,3903.4107265263615
2023-04-01,1798.0933811917919,-852.4559272566914,4557.842621697897
2023-04-02,1841.763626512667,-1063.0886542469736,4546.356962307755
2023-04-03,1619.3769657085586,-1158.0399545420776,4505.305074724049
2023-04-04,1580.3400502317168,-1181.0501426670917,4422.181381104376
2023-04-05,1579.55203279231,-1367.9225283487178,4221.860749794154
2023-04-06,1114.113483558347,-1689.4121209084365,3956.249681234768
2023-04-07,880.6921926290449,-1943.294518482288,3657.5099030984366
2023-04-08,1526.726938092987,-1298.7485705714867,4413.033069004449
2023-04-09,1605.363875013456,-1012.1438855740212,4457.725325051109
2023-04-10,1418.1852179112748,-1397.9456594918327,4337.193826351957
2023-04-12,1445.8538182909667,-1446.0778515806728,4000.190216399941
2023-04-13,1011.0327082103124,-1700.8070266925351,3878.902487863299
2023-04-14,805.2761817952082,-1993.449840972589,3440.4460593450963
2023-04-15,1475.4982402421,-1441.2107631189178,4274.659759968849
2023-04-16,1574.4532731803642,-1289.282318380068,4345.1870425289935
2023-04-17,1403.4699741779684,-1227.8849718157453,4076.3776183083755
2023-04-18,1410.9105553422346,-1392.4194924126534,4117.589726917429
2023-04-19,1450.842523939597,-1163.5504737570745,4229.582354982458
2023-04-21,813.8535028010833,-1927.0878005254547,3547.739946925939
2023-04-22,1480.5793560064546,-1187.9149940323023,4286.544700913812
2023-04-23,1573.1178257140828,-1210.4425131982352,4312.881365444175
2023-04-24,1393.3523944197782,-1375.8417666238236,4156.14158704072
2023-04-25,1390.2574257407523,-1370.4494209619859,4109.960505626367
2023-04-26,1418.5498581879153,-1466.1262595218777,4311.839974674338
2023-04-28,757.6304858911006,-1939.0535127555866,3592.2577208639686
2023-04-30,1496.3742542003206,-1317.1968028405436,4364.14232920789
2023-05-01,1309.0741542796043,-1592.8339625056547,4056.3113879459365
2023-05-02,1300.902805774958,-1307.0110660173525,3924.577207532942
2023-05-03,1326.9525151349958,-1461.608726501004,4106.6212466878005
2023-05-05,671.0598619119294,-2205.80180981855,3368.1140652426316
2023-05-06,1334.3084033636783,-1345.2703277063524,4020.022829875093
2023-05-07,1428.1444594406066,-1227.3995987059236,4108.504057072286
2023-05-08,1254.8431011927478,-1477.4464883207645,3944.165322999909
2023-05-09,1263.595958083201,-1638.4732603994134,3950.040983506704
2023-05-10,1309.1585567861641,-1459.6849397109304,3905.064768963254
2023-05-11,888.4993495624876,-1779.155285293133,3579.178053531048
2023-05-12,698.3176206163253,-2032.6577729028772,3483.3184482658867
2023-05-14,1504.9917432713387,-1372.1826315611152,4274.9437582676155
2023-05-15,1356.7326100397713,-1439.0569395176242,3816.441709312774
2023-05-16,1389.8869807307276,-1333.01253452033,4151.400507212352
2023-05-17,1458.6166107462197,-1423.1488687856036,4295.592733540874
2023-05-18,1059.3240441291523,-1648.685459639322,3775.627511321973
2023-05-19,888.1856202300439,-1941.573813503543,3661.594495066605
2023-05-20,1592.1999266576863,-1017.0041899751504,4487.635377610421
2023-05-21,1724.179688029536,-1140.1293576776573,4401.522680836032
2023-05-22,1585.4800874860348,-1314.308251672398,4453.24225086559
2023-05-23,1624.453838849226,-958.3202593134127,4341.164869018664
2023-05-24,1695.1203396515384,-1201.3846556291394,4435.582768425729
2023-05-25,1293.8333810232562,-1219.662272564319,4121.2988084679455
2023-05-26,1116.8141504500823,-1462.1582101711617,3877.136789865926
2023-05-27,1811.1971747215664,-1076.0161298258354,4537.09440407821
2023-05-28,1930.017313823565,-855.2317050700417,4709.70851143669
2023-05-29,1774.9309950648592,-1112.883864827792,4535.444494694925
2023-05-30,1794.6622353740388,-846.2235090201632,4579.137143437825
2023-05-31,1843.6610863326646,-984.9169882641473,4557.005236654216
2023-06-02,1216.690332302734,-1444.3313469767531,4114.076457505034
2023-06-03,1885.1216535113174,-763.386714738231,4453.526662291975
2023-06-04,1977.6279578642066,-715.1750204909289,4793.932972394874
2023-06-05,1796.398749819044,-1153.3375337136792,4569.622610639752
2023-06-06,1790.6712802886466,-1026.0379587046243,4496.970061725415
2023-06-07,1815.3767926449145,-966.8726329153864,4468.340300146215
2023-06-09,1145.015507810443,-1497.0471671234493,3888.4586553429453
2023-06-10,1795.0603867693346,-936.4013017354223,4581.957668450691
2023-06-11,1871.7532971373662,-1059.896164268799,4431.358887596462
2023-06-12,1677.472110365999,-1210.5291454480346,4447.354597593723
2023-06-13,1661.570038162713,-1053.9784866480486,4422.695546934309
2023-06-14,1679.021893353528,-1024.3696394277154,4462.924924412457
2023-06-15,1227.070722274403,-1542.1902511244994,3940.5242161293877
2023-06-16,1002.7420576273807,-1578.5716120567918,3514.3246409828903
2023-06-17,1653.8738720429135,-1196.0100478563497,4343.9152325817
2023-06-18,1734.090687258687,-1185.6918129450469,4597.607404634046
2023-06-19,1545.515276163019,-1119.0299563119427,4403.70774482434
2023-06-20,1537.2086529637284,-1285.413966168979,4521.072943917657
2023-06-21,1563.8260314150666,-1264.378378624702,4373.332312949929
2023-06-23,909.2323377730719,-1684.7670707516784,3796.692866175468
2023-06-24,1572.198825618063,-1255.083485344702,4392.510804547449
2023-06-25,1664.4676160957167,-1007.9215961967014,4453.927136112665
2023-06-26,1487.851960629831,-1126.6270654521904,4236.891016386616
2023-06-27,1491.1311992624105,-1309.6990162004483,4186.960084937463
2023-06-28,1528.7130316260957,-1410.5691102773014,4271.491368006173
2023-06-29,1097.2951690644425,-1855.3409424392214,3745.9211109448106
2023-06-30,893.3932171149229,-1826.783698845403,3672.8454636290476
2023-07-01,1564.3825238393408,-1286.8803032501692,4581.454821140917
2023-07-02,1663.4821679330582,-1097.075197640511,4253.814866802412
2023-07-03,1492.4743689811698,-1236.9684292011243,4019.4827067283486
2023-07-04,1500.1496019190363,-1281.6048799484831,4468.446150068201
2023-07-07,908.9949137412485,-1850.1560752108628,3832.541280576601
2023-07-08,1580.3486290133887,-1129.7811437971327,4412.878999641513
2023-07-09,1679.1371428719717,-1055.6856349709537,4470.2496039715725
2023-07-10,1507.3047941259415,-1212.355787420366,4257.937384421547
2023-07-12,1553.263974553495,-1305.9393554652445,4359.706589323613
2023-07-14,918.6096350373592,-1662.756573393358,3981.7731691874874
2023-07-15,1588.8949445297515,-1118.5602365388943,4362.718306753055
2023-07-16,1686.93250189964,-1112.4388728169915,4440.0638400912385
2023-07-17,1514.737194118327,-1187.1354182484763,4057.427765766533
2023-07-18,1521.3087600657454,-1246.716211792761,4218.951951642312
2023-07-19,1561.2839952375089,-1293.8388292494774,4410.221082513056
2023-07-20,1131.5888585317473,-1792.0345045544718,3636.546357710875
2023-07-21,928.9576559412537,-1805.5301343991557,3831.9057246496395
2023-07-22,1600.967322136435,-1099.4093774107591,4369.9515981075
2023-07-23,1701.0152105968782,-874.6718134693767,4547.314018805884
2023-07-24,1531.033800266005,-1313.527946099884,4176.26315303957
2023-07-25,1539.9329990529595,-1299.6100960486476,4245.928983539238
2023-07-28,954.3511091569549,-1740.1332369007657,3820.256004376664
2023-07-29,1628.2859548040974,-1190.649492815858,4518.475711302926
2023-07-30,1730.0005796405635,-949.253577077495,4563.063069404154
2023-07-31,1561.4033625430748,-1204.1104524031743,4276.93361596676
2023-08-01,1571.4060312692484,-1291.0517959894767,4333.5416378578
2023-08-02,1614.5835011488703,-1211.8830204982926,4298.384764745304
2023-08-03,1187.8326996184956,-1640.4621682357792,3940.9757248376227
2023-08-04,987.8972767805819,-1784.6270233696941,3682.89070993327
2023-08-05,1662.405986695575,-1069.6866487457412,4653.074210012323
2023-08-06,1764.8529596930487,-1051.977988808407,4454.684574193252
2023-08-07,1597.3131354805942,-1082.7368366774774,4369.132951573438
2023-08-08,1608.8834556936727,-1068.5650442938022,4603.879679418387
2023-08-09,1654.337472176111,-972.7177819517204,4365.943019664998
2023-08-11,1035.156039710248,-1746.9375895743476,3662.513004238145
2023-08-12,1715.3004644113544,-950.7334841004983,4513.755861390127
2023-08-13,1824.8926874749343,-848.1205476643748,4506.550799627154
2023-08-14,1666.173999750753,-1178.2212476573336,4626.313687814669
2023-08-15,1688.3798665169602,-971.1750020816465,4294.219129706962
2023-08-16,1746.3878949880686,-1058.1545510243577,4642.364106494051
2023-08-17,1337.3646367978472,-1444.4282524918392,4162.700815734589
2023-08-18,1158.2797371533766,-1549.5293780431334,3752.0977882236243
2023-08-19,1856.9292916295885,-1052.2321114210058,4544.445204448563
2023-08-20,1986.9095388248895,-735.9543719832749,4922.783787988444
2023-08-21,1850.32192640478,-882.3473388179193,4749.56036739009
2023-08-22,1896.206729224025,-742.499906979625,4544.876006231735
2023-08-23,1979.1918825012854,-671.9155469058076,4570.216202696613
2023-08-26,2169.194295580726,-691.2767070340027,4965.600722299058
2023-08-27,2325.864207754277,-561.3145699400857,5082.1114009495
2023-08-28,2215.3244382437433,-637.6025899464584,4965.456728944522
2023-08-29,2286.1313884709134,-615.9755673917891,5153.824509353807
2023-08-30,2392.4160851625156,-328.10233163078055,5366.84517441021
2023-08-31,2030.5428018523519,-775.173283428817,4896.373046157286
2023-09-01,1896.63551125393,-933.4654064067198,4505.975958185266
2023-09-02,2637.6200343191167,-110.93466823115864,5355.735519564117
2023-09-03,2806.210140869298,16.484947109416254,5559.985755469451
2023-09-04,2703.630857516536,-112.9636151005276,5350.936395400639
2023-09-05,2778.069518241799,-176.75239466603608,5524.9162349008675
2023-09-06,2883.3421016478133,-67.5688759090729,5582.1560005111405
2023-09-08,2370.660512525854,-503.3338456781886,5051.631235425695
2023-09-09,3095.4594993956266,384.8695035746898,6021.2260510053675
2023-09-10,3242.636491312608,532.018852684268,6081.754597028898
2023-09-11,3113.463275961473,268.2085842070657,5852.105598207529
2023-09-12,3156.2557347057314,447.4649729518808,5893.393074432934
2023-09-13,3225.040020588963,532.2896144251705,6081.900938069005
2023-09-14,2816.2172100320568,18.096268589366264,5514.430080761873
2023-09-15,2626.0933264334813,-12.329727101311091,5358.978685143024
2023-09-16,3301.9225261274514,503.3954686476623,6206.583439503314
2023-09-17,3396.8916778633966,877.567394002797,6126.570752069306
2023-09-18,3212.8396183987948,474.55585934915774,5862.802159380567
2023-09-19,3198.701695267764,459.6885605235364,5848.413464172875
2023-09-20,3209.167261926873,553.8602090620379,6207.671622710244
2023-09-22,2492.2325940422415,-252.2131084131388,5238.463271221778
2023-09-23,3109.850327123431,425.04676049001614,6057.00729787794
2023-09-24,3148.1143152126615,255.28479385631042,5895.405449524337
2023-09-25,2909.595512797571,218.45413700090515,5559.546584764922
2023-09-26,2843.9436534957376,-73.39130138951704,5589.449374701063
2023-09-27,2806.5344821424806,67.38887373876001,5673.411688852304
2023-09-28,2295.115144838746,-431.5067198615613,5110.88742316579
2023-09-29,2007.3149326393948,-799.4869191930214,4728.212083323515
2023-09-30,2591.6694587226557,-79.38746809971511,5296.737212660176
2023-10-01,2602.5867789506747,-42.60606546449237,5481.734604515066
2023-10-02,2343.048990698988,-611.393716007117,4931.2208719634455
2023-10-03,2263.0401802274146,-341.7166669690666,5007.369493924953
2023-10-04,2218.188586983176,-411.45460205583646,4745.512715724078
2023-10-06,1425.4055426222444,-1220.1801451217045,4253.789600187652
2023-10-07,2023.7041844185246,-799.4593494730296,4636.903776844798
2023-10-08,2055.608118370333,-686.5955677880462,4940.845710779505
2023-10-09,1823.9049383310658,-835.7316736591326,4544.720092465573
2023-10-10,1778.295233362246,-874.2151217607465,4528.370496556407
2023-10-11,1774.037547797418,-976.3882917190934,4515.748198055626
2023-10-13,1079.1414404415752,-1751.4376405104283,3796.9778016638675
2023-10-14,1733.6031824497277,-1121.9958690584704,4503.369035400814
2023-10-15,1825.6181676319084,-874.7630752404757,4412.117581276041
2023-10-16,1657.2526672823856,-1133.1567816295287,4139.354125358143
2023-10-17,1677.438331294677,-966.8344369209398,4270.018517427904
2023-10-18,1740.6266986999863,-977.7362359808396,4532.967694917149
2023-10-20,1182.2183872972873,-1489.6647264186875,3801.892274909432
2023-10-21,1904.0124379657207,-770.0761841845543,4637.138972533311
2023-10-22,2061.6144564710703,-373.39218267530373,4884.28541608006
2023-10-23,1956.256748521239,-901.7429045986314,4719.574018378114
2023-10-24,2036.0666026666927,-748.1020440935898,4871.806259328137
2023-10-25,2154.7325752826578,-605.009169702224,4888.244367664918
2023-10-27,1692.0632128327131,-1093.4863227383826,4479.67060670025
2023-10-28,2452.900557707795,-410.02351342497036,5065.027131957724
2023-10-29,2642.9831749766895,-190.34423656762021,5358.747998323744
2023-10-30,2563.1478984676796,-317.7818593343795,5223.015939311777
2023-10-31,2661.226413357906,-164.97128106443327,5204.799115753242
2023-11-01,2790.717565236729,-44.558434889996064,5626.226734274754
2023-11-03,2327.164080997538,-316.3704373934566,5211.079554419836
2023-11-04,3076.4742286903142,401.2631991747132,5857.027583475721
2023-11-05,3247.9505832269533,435.65053186922313,5947.549011354059
2023-11-06,3142.80225340388,467.8267782869857,6062.513429590905
2023-11-07,3209.339067546776,463.7022793342957,5853.100726048397
2023-11-08,3301.6371207484917,598.2691053700688,5974.2551669425575
2023-11-09,2916.2015930047914,356.39184885621165,5586.667012831735
2023-11-10,2749.493701415211,11.62705566411344,5497.861492907448
2023-11-11,3448.969559021496,591.0220515334016,6242.175225864789
2023-11-12,3568.0591736130054,833.1882001416378,6480.2153338349835
2023-11-13,3408.878894713222,570.5272466422624,6169.981301215456
2023-11-14,3420.667973927301,606.8040839388102,6107.146031916742
2023-11-15,3458.4369708690247,834.8797926757658,6001.281172142235
2023-11-16,3019.6129392091225,63.1661162456049,5746.463075471925
2023-11-17,2801.5485702696574,-36.30688392774593,5498.353351922064
2023-11-18,3452.543439265722,545.8461950227024,6207.454943841024
2023-11-19,3526.805956138498,613.9323209636722,6178.074934855813
2023-11-20,3327.1497040021113,257.42995970238144,6098.359893629292
2023-11-21,3303.4151976802164,541.3401375639118,6147.3032429829445
2023-11-22,3311.105163684953,596.2486278059898,6218.754100614398
2023-11-23,2848.0185831191648,-138.81750649541135,5588.57579643797
2023-11-24,2611.751002412144,-163.48264279315748,5366.551733475196
2023-11-25,3250.7095048318897,425.3437953122457,6062.319560679269
2023-11-26,3319.0711599545125,487.84260041185075,6305.673221980691
2023-11-27,3119.478791319956,333.4739045907387,5973.640642628985
2023-11-28,3101.465190531072,341.4482833589575,5812.224129703782
2023-11-29,3120.0939087773313,704.5133591901604,5869.9457284124255
2023-11-30,2672.6018274552657,-197.52518245182517,5424.666491702262
2023-12-01,2455.910901880029,-439.40495546755716,5239.053823477986
2023-12-02,3117.6572890688985,318.1230116788602,5915.092567135142
2023-12-03,3211.1664256134964,473.29683074559085,6146.460586016214
2023-12-04,3038.167579108611,105.66125871318941,5820.658528400202
2023-12-05,3047.238624555362,183.8424810168481,5700.724309141844
2023-12-06,3092.4687467947274,483.28398210315,5800.148731786256
2023-12-08,2476.1811853426425,-252.9360124183363,5194.13546110694
2023-12-09,3157.382000193648,447.65068480653196,5751.963723085999
2023-12-10,3266.228360497555,695.5670126446988,5866.9013829063415
2023-12-11,3103.719002973402,166.38672040147506,6027.933764565707
2023-12-12,3117.813321146984,327.83422600615546,5909.05124802033
2023-12-13,3162.111065864596,509.2557118316524,5879.173974802385
2023-12-14,2732.531981125812,173.9568382171478,5464.327628130568
2023-12-15,2524.861861839802,-341.85188777170606,5083.298179962338
2023-12-16,3185.8123794896314,359.22894376853947,6026.168511890673
2023-12-17,3268.022441462055,438.9128421038392,6029.912370381027
2023-12-18,3072.7938930153646,439.02343349442225,5966.778241930942
2023-12-19,3048.5517043775735,267.4089561216932,5721.804673824034
2023-12-20,3049.5158581543315,218.13765835723243,5810.153854769035
2023-12-22,2313.788757858085,-361.0703087014753,4932.517500241024
2023-12-23,2921.4857177011127,-29.631394103564265,5629.482922793508
2023-12-24,2949.1862913923233,114.49191462242365,5731.880968308129
2023-12-25,2699.3426610090387,-109.00172065655286,5171.127808014618
2023-12-26,2621.5671341323336,-175.77914644474058,5318.104272659618
2023-12-27,2571.276470928521,-115.19976511104962,5270.140086974565
2023-12-29,1744.539859230563,-1135.767680552839,4616.26497990521
2023-12-30,2314.6685999755337,-369.7933186239316,4861.952715869009
2023-12-31,2311.398171138049,-275.84466926979826,5021.160493739453
2024-01-01,2038.0090257036486,-887.9608796596673,4949.754912956086
2024-01-02,1944.7937687592541,-548.3761054169281,4981.392570627732
2024-01-03,1887.682692121924,-940.8091113273277,4656.478338497766
2024-01-06,1664.6738683065446,-1164.9458704440212,4455.199907120561
2024-01-07,1690.4178260848807,-1013.2821363573464,4585.092834789048
2024-01-08,1454.3474737530041,-1343.6040147413275,4097.069359978023
2024-01-09,1406.1027161388984,-1275.7222327154582,4231.399122206383
2024-01-12,707.3197529931335,-2352.1481951183414,3421.0255450209615
2024-01-13,1363.4422863492102,-1400.659147451798,4147.324967684977
2024-01-14,1457.0278178261453,-1170.3541885663014,4244.99982516574
2024-01-15,1289.4942440486964,-1310.1664090003105,4078.3450547468506
2024-01-16,1309.053030665449,-1577.4853125676814,4025.466407745203
2024-01-19,795.2808775563959,-2161.537135729815,3378.0150768106487
2024-01-20,1502.5980161088914,-1110.8967933833303,4280.620875963899
2024-01-21,1640.2406512662,-1059.5801297743049,4454.293564935561
2024-01-22,1508.7092855908568,-1223.302465168622,4103.560848368392
2024-01-23,1555.480146112043,-1371.0850182878432,4356.473862872496
2024-01-24,1633.6949617974255,-1148.5234422099288,4369.672223381315
2024-01-26,1066.3498322725925,-2020.5056239640103,3803.4681706658694
2024-01-27,1762.5753285004757,-1076.17936546032,4439.239662493692
2024-01-28,1879.8895546154804,-771.1913221992568,4465.255744309285
2024-01-29,1719.378180303671,-1171.8402977441976,4298.127562164696
2024-01-30,1729.3121006855495,-901.5454466151779,4307.107410833758
2024-02-02,1093.2295638178682,-1548.8341167822764,3642.703659520157
2024-02-03,1732.637575295711,-1042.8720020487006,4510.374937149892
2024-02-04,1791.6453274422925,-967.4247784099608,4781.775283015404
2024-02-05,1572.888148106491,-1215.9261250470252,4158.481808093014
2024-02-06,1526.1988662952915,-1370.1681568453644,4322.004225257717
2024-02-09,745.0216273785474,-1907.3362625966142,3621.801334848861
2024-02-10,1348.8959130864616,-1468.0709010102155,4296.0347281932645
2024-02-11,1380.7374045248594,-1452.9121735270548,4348.338728014929
2024-02-13,1089.4934051111788,-1519.8934269301435,3841.8391390882493
2024-02-16,348.0587181655577,-2275.684546898645,3043.7016501954454
2024-02-17,986.3258011795774,-1919.9591199442943,3687.701058623854
2024-02-18,1062.5198710539196,-1709.117803508598,3952.7140499375455
2024-02-19,879.467541800545,-1624.7365774737927,3500.356541590965
2024-02-20,886.7709655667314,-1811.115911389437,4039.1691832559645
2024-02-21,939.447110604471,-1633.1367515179188,3603.4333166051388
2024-02-23,368.79403107336543,-2335.2097340495297,3398.9557986114933
2024-02-24,1089.3740079760828,-1620.7134382279191,3627.2416207980955
2024-02-25,1249.1642681104186,-1696.847081193219,3814.3876865648417
2024-02-26,1149.3361038605206,-1646.9043740653067,4025.690896911711
2024-02-28,1368.0634380293109,-1470.8002213748348,4260.05534023115
2024-03-02,1713.8787874192599,-1004.540833340491,4549.744952592008
2024-03-03,1922.40464829547,-797.1846134360932,4849.382251818625
2024-03-04,1861.3055014201109,-881.7372663777062,4776.141734717751
2024-03-05,1977.7956290342509,-777.652438129854,4886.637013269145
2024-03-06,2124.7659547230955,-660.7673965279826,4836.485102917647
2024-03-07,1797.4730971396452,-968.1479137975518,4523.285317319457
2024-03-08,1691.0929500126858,-956.040866258231,4511.837938106389
2024-03-09,2451.7860034865057,-330.87885671566346,5255.97461880274
2024-03-10,2631.7021103455754,-107.55017690035831,5335.460259972104
2024-03-11,2531.7175138664234,-204.5091676820773,5208.517353793616
2024-03-12,2599.894355878797,-94.54291846202355,5326.865817260488
2024-03-13,2690.1500213679915,-285.7939807304738,5475.738115841902
2024-03-14,2298.920899855754,-528.3815240682516,5116.3227011416875
2024-03-16,2809.0088804681204,49.23275777816615,5500.822810445218
2024-03-17,2911.4947916478022,139.627478753995,5756.43726600186
2024-03-18,2732.5092849558605,-10.25212797721719,5551.629391994085
2024-03-19,2721.59668813158,-74.08331541529866,5466.4154435924875
2024-03-20,2734.1181907166047,-57.41069140653176,5605.797049193129
2024-03-21,2267.8843698584596,-490.28809124128793,4875.766581541902
2024-03-23,2641.1290494848154,-24.942175727008532,5453.691529204589
2024-03-24,2683.93100615547,-178.57113589521288,5426.24114657405
2024-03-25,2452.259161383085,-362.3322587406293,5177.558521486667
2024-03-26,2396.3157409403602,-602.8761281182694,5155.147740276393
2024-03-27,2371.9302229620625,-210.44224678269316,5074.391160845488
2024-03-28,1877.1870389635476,-1031.423225886131,4413.364853436696
2024-03-29,1609.921677705106,-1216.3142002286702,4377.686850500035
2024-03-30,2218.7336912193105,-624.8917781590808,4996.660131308901
2024-03-31,2257.945444128152,-551.0640545624927,5118.298467138285
2024-04-01,2030.3003876347466,-682.1018380185538,4653.151541358761
2024-04-02,1985.391847122307,-848.0759660319607,4792.530530140761
2024-04-03,1978.310239421517,-968.2184306883845,4640.156155547123
2024-04-04,1506.293639423512,-1262.1819876620893,4295.21954258741
2024-04-06,1905.7900620646974,-789.2583038408513,4679.291683406243
2024-04-07,1978.2254767923055,-572.384634845201,4587.437977161554
2024-04-08,1785.2812469062362,-1051.4890282488304,4535.188221592471
2024-04-09,1775.556772326569,-1102.8132994268444,4603.714639456915
2024-04-10,1803.1963785706016,-895.7810392092422,4604.864722035829
2024-04-11,1364.5624431886552,-1353.636202277662,4062.4150723020944
2024-04-12,1155.77638143022,-1654.8161406475494,3915.387039987393
2024-04-13,1823.7748566097744,-842.4886994913428,4493.515219623906
2024-04-14,1921.3089902362944,-771.0328203958344,4704.251771276719
2024-04-15,1749.6793812914723,-1108.5558483632888,4670.556186366138
2024-04-16,1757.1970694424747,-948.9883126289328,4728.244470750657
2024-04-17,1797.857641946539,-1065.9433749324992,4333.65868315082
2024-04-20,1832.721191477027,-1031.4761822109613,4587.5856431227085
2024-04-21,1927.567342322281,-1074.5447964704356,4562.556555224223
2024-04-22,1750.2019171465317,-1062.1126249985102,4608.4442124928
2024-04-23,1749.4733798621992,-1135.202026017155,4343.43771315522
2024-04-24,1779.976978986875,-1062.7126931170565,4663.399650561235
2024-04-25,1338.7064878632514,-1349.5436206937925,4391.731107446081
2024-04-26,1122.5694532978573,-1694.795059517152,3873.081977842092
2024-04-27,1779.414129320423,-932.4292038188358,4665.926710712679
2024-04-28,1862.9967591246768,-1091.7919837682002,4531.099277509083
2024-04-29,1675.682954198261,-1355.4355503245422,4277.3957703617625
2024-04-30,1666.8742700374632,-1171.4863623786132,4217.984158049548
2024-05-01,1691.6481416184895,-830.114286360686,4310.713749341515
2024-05-02,1247.396470987597,-1442.436910264913,4154.015765139677
2024-05-03,1031.330406972714,-1773.790673732916,3692.227131065476
2024-05-04,1691.4997252204937,-1268.0913610134598,4349.4024358621855
2024-05-05,1781.7556182781327,-816.8326833561847,4625.64139412981
2024-05-06,1604.4507042155378,-1235.9476233837277,4368.702075875012
2024-05-07,1608.8673255630601,-1419.569500401043,4540.630748308406
2024-05-08,1649.862189552069,-1050.5627770357069,4201.826885755017
2024-05-09,1224.5124499770038,-1593.9788713375385,4085.2210474675594
2024-05-11,1712.7955948209678,-880.6430540182413,4419.7584363542455
2024-05-12,1827.3306111116476,-811.4273106094083,4501.451160039244
2024-05-13,1675.017526054277,-1398.2479792256977,4422.826665705094
2024-05-14,1704.5420332906574,-950.1503686568699,4447.104432899496
2024-05-15,1770.1549951534123,-901.3003072906065,4524.019380535774
2024-05-16,1368.335317222711,-1345.6197361073835,4018.4314652057806
2024-05-18,1898.1564363531327,-877.8004644213494,4667.614262829555
2024-05-19,2029.6826811213011,-527.8957659649631,4937.758969137497
2024-05-20,1891.2658698473676,-1008.0130807369806,4624.952157239636
2024-05-21,1931.2519405848952,-815.4247088728728,4516.792692035945
2024-05-22,2003.6362859152027,-756.2998248786449,4797.243639226013
2024-05-23,1604.7323515471198,-1074.9264712068662,4173.96738599609
2024-05-25,2128.6228647422085,-692.0700841453638,4899.517574671125
2024-05-26,2251.4378816768235,-685.5251734329171,5095.20689198558
2024-05-27,2100.7182408938174,-523.6066573529768,5081.535989588307
2024-05-28,2125.092123123686,-674.079928673017,4969.6817651002375
2024-05-29,2178.909653418123,-624.920986519415,4866.698390011813
2024-05-30,1758.9011766113272,-958.9013762890293,4523.736302927265
2024-06-01,2234.8763416950655,-634.5205871148584,5064.776743895915
2024-06-02,2331.9145702138608,-344.7866044491079,4909.1448249706245
2024-06-03,2154.9211586365054,-602.2243987778196,4869.941711106579
2024-06-04,2153.0603079273046,-630.5381688604575,4881.046707356485
2024-06-05,2181.201521921035,-495.85358264613456,4999.826532597293
2024-06-06,1736.5654307562095,-1088.123230882655,4512.571288412433
2024-06-08,2168.1805981487546,-587.0539406087846,5000.698705609593
2024-06-09,2246.2268786088916,-539.1733804274176,5040.8525048867305
2024-06-10,2052.7563514889516,-646.3987232319477,4661.049007758354
2024-06-11,2037.1394534644733,-646.9371519334313,5001.908404252647
2024-06-12,2054.37982724212,-749.3116597869471,4725.710830416687
2024-06-13,1601.7596607216437,-1377.4212421000018,4437.686784743988
2024-06-15,2026.051069960462,-611.9262282637928,4834.218526838482
2024-06-16,2104.540406129815,-694.4316301822315,4824.566855183628
2024-06-17,1914.0068027012885,-833.8688821320478,4500.835066525927
2024-06-18,1903.576318813491,-986.8000354450735,4715.249416527845
2024-06-19,1927.9687853159548,-990.9300197891195,4683.532262546666
2024-06-20,1484.1527083963847,-1279.260986289707,4404.716034086501
2024-06-21,1268.8679796288247,-1477.7164006108108,3941.2295734588174
2024-06-22,1929.664221044131,-1066.0347754438492,4544.2506419187675
2024-06-24,1841.3769736402635,-825.3468064719403,4661.338561924991
2024-06-25,1842.95691263756,-872.9795954095557,4722.643891298098
2024-06-26,1879.0533490258074,-729.4070966528827,4679.614490514371
2024-06-27,1446.378213891066,-1379.522462963994,4168.211905939351
2024-06-29,1911.650270978847,-930.5460356567077,4841.228087667975
2024-06-30,2010.1797970011587,-535.2715011400338,4580.31414111418
2024-07-01,1838.8072618891788,-846.8129022022464,4619.1787704069675
2024-07-02,1846.3013175301935,-935.0521317701911,4749.327118993995
2024-07-03,1887.0934158257749,-811.5467358447648,4485.180838448127
2024-07-05,1255.4272234787975,-1657.66228650129,3966.58865394843
2024-07-06,1927.0461260464904,-926.593368798787,4860.176368167133
2024-07-07,2026.1332460668464,-722.2224081181786,4940.865901976096
2024-07-08,1854.603468022749,-977.7037372575522,4590.6412185893905
2024-07-09,1861.3858357060094,-838.3733759214902,4682.2042126822225
2024-07-10,1901.0768235283313,-794.0548943067031,4728.89908508518
2024-07-11,1470.5922057007228,-1210.9171466385756,4373.011061494739
2024-07-12,1266.68473445721,-1587.9551676261203,4105.2197341685
2024-07-13,1936.975727682859,-707.0019176217469,4618.267393462967
2024-07-14,2034.929095850055,-835.2237108137996,4749.150061091562
2024-07-15,1862.5613709898862,-985.491412555056,4623.982028342984
2024-07-16,1868.8786029061653,-1043.5530459486968,4781.128865390871
2024-07-17,1908.5280098290248,-860.9771247482041,4722.585347161903
2024-07-18,1478.4493655124984,-1297.1058817201013,4214.07735294938
2024-07-20,1946.9547506522013,-861.5825554715278,4928.349945225653
2024-07-21,2046.5494623373033,-653.4958438412424,4859.553550764902
2024-07-22,1876.1278966025752,-830.404151699161,4667.996572476553
2024-07-23,1884.6163560638306,-783.3777225010199,4698.9178887015105
2024-07-24,1926.573589466771,-765.998275851622,4697.18063088535
2024-07-25,1498.847488523471,-1295.678499538518,4344.595203975347
2024-07-26,1298.0989054494644,-1407.545303727467,4025.6459214529104
2024-07-27,1971.840438963124,-838.8407294485728,4629.12656328331
2024-07-28,2073.4184306057796,-410.97720114669346,4672.500551339593
2024-07-29,1904.7314202496095,-904.102630576727,4722.804855917123
2024-07-30,1914.6755969095605,-1011.1609870211863,4446.603331090587
2024-07-31,1957.8047984689629,-735.4508081590446,4802.802724817717
2024-08-01,1530.9897152434114,-1229.1697929097397,4291.718354647511
2024-08-03,2005.2593904364476,-578.500482676245,4804.409123652868
2024-08-04,2107.395039468496,-677.5693318233546,4909.211970513497
2024-08-05,1939.3859722203692,-941.0637462694378,4981.853949802783
2024-08-06,1950.2895626235745,-713.9384684240197,4709.733326786298
2024-08-07,1994.840655945987,-730.4154854659159,4869.75158588476
2024-08-10,2051.3323847495753,-575.5450962567145,4906.044433895362
2024-08-11,2158.7549496849374,-539.2655153986356,4971.322470010012
2024-08-12,1997.497219048936,-773.567637325359,4788.538331111654
2024-08-13,2016.7887832713366,-907.4143889862266,4718.578233170567
2024-08-14,2071.510610707273,-640.5504208542843,4854.87210674837
2024-08-15,1658.8424721637864,-1313.0842717948037,4320.5907162769945
2024-08-16,1475.7762242453296,-1076.8315232093496,4464.244948199245
2024-08-17,2170.1430760888634,-539.0936530213716,4845.78280830303
2024-08-18,2295.583397076345,-537.4058919381451,5172.830602349418
2024-08-19,2154.2526600555916,-721.8538192621397,4850.744384190549
2024-08-20,2195.2544219241026,-483.186030649654,4978.268606515618
2024-08-21,2273.288270647281,-497.27819383991647,5186.70089012304
2024-08-22,1885.2977680017598,-905.0132212515759,4752.129668630311
2024-08-23,1727.9856438851077,-1096.2021035490684,4581.553972743054
2024-08-24,2448.844353567772,-220.54205090686457,5196.242854226921
2024-08-25,2601.1305064668386,-284.47642996235334,5483.285587365532
2024-08-26,2486.5766777662493,-184.92892772727816,5424.806890285882
2024-08-27,2553.831389365824,-45.52310779639237,5382.46738519402
2024-08-28,2657.1150450183895,-15.787752907194305,5397.518551514643
2024-08-29,2292.8766795899983,-339.77504997014427,5074.35995518028
2024-08-31,2897.436742332527,146.48734446720627,5691.869818879583
2024-09-01,3066.00528151286,247.58165895529197,5802.61044839389
2024-09-02,2964.298377660887,217.06263189314876,5647.921342138591
2024-09-03,3040.540031493853,165.1794973758101,5707.127335641967
2024-09-04,3148.5693753856926,536.504661576937,5807.4427308429795
2024-09-05,2784.5061377323855,34.02270992008271,5542.437959153053
2024-09-07,3374.6936135816622,665.7315090558128,6218.12088738524
2024-09-08,3528.381336034774,893.1640164581839,6178.905358741888
2024-09-09,3406.56700575547,683.779439300816,6180.297484965773
2024-09-10,3457.5010838849294,640.5012747396164,6227.817621644653
2024-09-11,3535.1307615806663,785.3091445801584,6039.0806539947735
2024-09-12,3135.7656294403614,263.82230993182606,6018.897284071566
2024-09-13,2955.608933973568,364.27410213453913,5686.127366194676
2024-09-14,3641.8021878158324,888.7310168966812,6300.704176859251
2024-09-15,3747.411338046093,1019.7834667889285,6460.583661346326
2024-09-16,3574.1477463808933,781.2667882796055,6237.228531248872
2024-09-17,3570.8145618081126,868.023515022586,6359.539962139163
2024-09-18,3591.9661196457855,756.3016657511712,6286.698117124025
2024-09-19,3134.5651336616284,391.13502060613047,5764.760546322178
2024-09-20,2895.5047121658745,125.79275335935057,5631.931184274396
2024-09-21,3522.6431268154124,1014.7416212265304,6249.661021890842
2024-09-22,3569.779706030419,868.1037415378063,6262.6238940690955
2024-09-23,3339.3652761837834,679.528708093574,6124.51579053169
2024-09-24,3280.937899206958,587.4376181356055,5783.305760601034
2024-09-25,3249.771704389339,404.57506377761507,6025.854190956416
2024-09-26,2743.5237378062593,-54.640999031367876,5588.698261918572
2024-09-28,3046.910793222285,374.28619162279415,5898.473952549633
2024-09-29,3059.3777068379122,339.4848598614313,5873.161822702076
2024-09-30,2800.0960545260987,234.12394925194064,5608.416901305984
2024-10-01,2719.033329678805,-150.0155337790403,5482.294887626331
2024-10-02,2671.8177275765106,-97.90287657773217,5411.710751580229
2024-10-03,2156.3796710847755,-669.090516261533,5123.323067038846
2024-10-04,1870.4595821016783,-906.2561146924661,4647.892433687249
2024-10-05,2462.630006832569,-425.3738405105274,5038.368217504413
2024-10-06,2487.260621462008,-192.17313512662676,5457.146529021362
2024-10-07,2247.219671241571,-680.4321223449026,4885.452739364961
2024-10-08,2192.3026967200362,-687.0654241164075,4863.246272831494
2024-10-09,2177.8764258680876,-639.5946315980535,4994.556190835352
2024-10-10,1701.5228129236257,-1148.6342283890679,4363.577946763329
2024-10-12,2103.02134018764,-781.8462663571256,4938.793080921979
2024-10-13,2182.7217881422157,-453.91642930414383,5162.077975975144
2024-10-14,2001.870466235273,-659.9508771078686,4795.542884173069
2024-10-15,2009.5548998685206,-699.5054061570065,4584.219029107464
2024-10-16,2060.383915452813,-506.16116793469104,4903.30535736391
2024-10-17,1651.1410440211973,-1010.8730644980944,4517.422093551757
2024-10-19,2189.092163692817,-491.4005364917261,4772.557942953512
2024-10-20,2336.428594193002,-503.8496312739996,5151.217741829754
2024-10-21,2221.6797042018193,-516.1801550975343,4933.479756483424
2024-10-22,2293.0935083895984,-405.31665538482537,5101.22404955474
2024-10-23,2404.465959887799,-342.9732026226669,5491.053079593104
2024-10-24,2051.8061707116317,-789.7381039141845,4894.214310801141
2024-10-26,2688.2060782985927,-253.06201600973162,5528.751683304036
2024-10-27,2876.153666564577,202.62359418210335,5457.154239751674
2024-10-28,2795.566873282439,135.54028254542894,5604.547059084216
2024-10-29,2894.274378684575,53.163482392096824,5677.704357590388
2024-10-30,3025.7509445950127,182.10498535914977,5764.540703585675
2024-10-31,2685.7890149947907,-204.55525588111485,5441.500189670476
2024-11-01,2570.0366672620366,-79.43483488671282,5323.372982563373
2024-11-02,3325.049568624012,357.84930330718083,6021.1797758282455
2024-11-03,3503.285004215519,855.1799892126035,6051.173652638905
2024-11-04,3405.831069605135,764.8103834865337,6212.659306623222
2024-11-05,3480.861428505151,830.2516774179103,6167.934884112718
2024-11-06,3582.3030756996186,868.2216388863967,6238.854218087018
2024-11-07,3206.5016692575855,613.4862083459531,5807.839971485173
2024-11-08,3049.751258025538,223.7463882054864,5883.555092643291
2024-11-09,3759.336132301054,1018.0629623819735,6535.778426516093
2024-11-10,3888.5129795763855,1331.2058020609786,6500.128190988173
2024-11-11,3739.2265960467025,994.4692375039529,6427.182458696641
2024-11-12,3760.5497538155523,1045.2013969099798,6579.852045191276
2024-11-13,3807.334902684136,1070.1134871050235,6568.770525110532
2024-11-14,3376.8625458427978,652.8463591495084,6067.699637098534
2024-11-15,3166.3534230288433,385.7047488692146,5917.559193867822
2024-11-16,3823.9925636343787,905.848438121437,6321.817609615021
2024-11-17,3903.8937470559695,1129.6037472333678,6324.915472001656
2024-11-18,3708.7979899037514,981.461260242938,6386.763154357792
2024-11-19,3688.4970348060187,1150.3295765201747,6538.193876685523
2024-11-20,3698.4698915880053,962.7744134548094,6531.361439181365
2024-11-21,3236.5176305364803,556.2667316654637,6179.210655139986
2024-11-22,3000.2639009938453,286.9405383806842,5869.846725641509
2024-11-23,3638.1695478569445,985.8229370514024,6705.3665878078355
2024-11-24,3704.4901350615237,911.4656844968429,6334.82373965442
2024-11-25,3501.9702210755627,689.4160078880286,6193.36444457986
2024-11-26,3480.2655327914235,590.2669861527228,6350.693329197495
2024-11-27,3494.5812002540333,556.7576085016912,6187.6463611699055
2024-11-28,3042.311298449812,487.0380607558278,6039.673782895554
2024-11-29,2820.5471471946685,100.24817252971572,5465.452947661703
2024-11-30,3477.102648577925,670.1277634391832,6170.979519502109
2024-12-01,3565.4853067993126,744.2794008652249,6375.118314082343
2024-12-02,3387.6065412393727,668.6066918412853,6074.840910912713
2024-12-03,3392.222138376603,820.7272104317794,6194.744635243977
2024-12-04,3433.5906425538187,719.9121343428518,6075.503558298188
2024-12-05,3008.1345144178167,279.65103970087324,5707.789061476592
2024-12-06,2811.9710440507774,120.74678060631855,5592.797170316913
2024-12-07,3491.96079749605,835.5361180931395,6597.322692756041
2024-12-08,3600.701714824979,859.3267623117031,6201.0857758145075
2024-12-09,3439.2619303522733,529.609102968912,6124.638969030435
2024-12-10,3455.6416193219493,769.5321172226656,6093.593652727324
2024-12-11,3503.4511420934605,810.9126682942805,6121.96145701466
2024-12-13,2876.791803877591,59.89181527367137,5726.263821530174
2024-12-14,3544.6865839778065,670.6096201088191,6466.3203873463135
2024-12-15,3634.8016021500944,1054.3629473464177,6310.522236682973
2024-12-16,3448.3000649163305,606.8615871753643,6262.35676769547
2024-12-17,3433.4438814309333,826.673966917159,6248.818188920208
2024-12-18,3444.2689505324024,468.6110692383586,6005.878945694635
2024-12-19,2977.257098825319,277.737996566603,5696.2699539232135
2024-12-20,2728.87127323223,-72.33381923642293,5531.45528326541
2024-12-21,3346.601530465774,450.4981159203216,5946.231042055283
2024-12-22,3383.9498620129757,794.4791692762011,5998.0915959148015
2024-12-23,3143.1470080578883,541.9753114154142,5976.916951880692
2024-12-24,3073.5918116188977,349.3467366093013,5828.216287270312
2024-12-25,3030.5007928281666,354.7695645527457,5830.142152312466
2024-12-26,2511.552833128868,-589.5614385148224,5191.823551987466
2024-12-27,2214.3962010876207,-739.442992115153,4895.570857482048
2024-12-28,2787.6661250661273,192.47520086916577,5583.459338109053
2024-12-29,2785.9416329998758,33.08678894458201,5542.883965707128
2024-12-30,2512.435496705204,-367.66799624057853,5395.701014937664
2024-12-31,2417.4085013981235,-399.8903779645872,5069.973352911054
2025-01-01,2356.7963583135047,-330.6475128876432,5331.4741846411025
2025-01-02,1828.8347403321823,-840.2225011995606,4733.159921556962
2025-01-03,1531.5501991003102,-1176.0677608932265,4313.648500157977
2025-01-04,2113.7656181349057,-367.2585166558883,4865.43409314746
2025-01-05,2130.0492814596437,-562.5530715498309,4757.266832265391
2025-01-06,1883.4016539403722,-1010.514533186098,4597.422667148295
2025-01-07,1823.6712443833671,-956.1234836187537,4607.493366614095
2025-01-08,1806.1879054854462,-993.1592087952347,4671.139036952483
2025-01-09,1328.3989701700348,-1508.794516096284,4280.00297877383
2025-01-10,1087.375785781478,-1665.392662632854,3735.352223469823
2025-01-11,1730.8389903006287,-901.1248055947071,4607.167692268337
2025-01-12,1812.131192317867,-1058.54124611567,4666.151857426032
2025-01-13,1632.9306346339965,-1068.1855652061802,4294.603357039389
2025-01-14,1641.696609002818,-1090.4224207123289,4366.288780673445
2025-01-15,1692.3342992079465,-1098.6843311879925,4584.071328256851
2025-01-16,1280.863717443441,-1462.5125707759444,4197.391272937735
2025-01-17,1102.9595207661841,-1844.12128955587,3747.632955315831
2025-01-18,1805.009255552544,-1046.870263487425,4563.818811977497
2025-01-19,1939.1178934364593,-746.5982057340902,4803.062717179892
2025-01-20,1805.8514580030644,-781.793534330917,4723.4549388262585
2025-01-21,1852.7097663509526,-901.7946072394982,4483.144077039223
2025-01-22,1932.8152753597224,-867.9438386714864,4676.823085879294
2025-01-23,1541.6020838275513,-1221.797383495427,4496.86380220479
2025-01-24,1374.371353075402,-1573.5860719222853,4271.750732985371
2025-01-25,2077.360273139033,-458.078165159678,4746.629444272185
2025-01-26,2202.7521321350664,-417.6283403383523,5012.8885581928735
2025-01-27,2051.420105551167,-472.0808376412703,5118.30704486585
2025-01-28,2071.3947363143416,-802.60867573549,4914.850710264337
2025-01-29,2116.5421736056346,-772.2478973619816,4890.731262849831
2025-01-30,1683.23743057212,-1038.9630839169415,4401.561261454093
2025-01-31,1467.8992590347682,-1412.0754638518881,4249.879035136061
2025-02-01,2118.0342232137154,-604.5618775977142,4775.343324623923
2025-02-02,2187.2180938061038,-474.2885496851795,5045.601111663953
2025-02-03,1977.8078388447661,-817.7262982469347,4674.859796867112
2025-02-04,1939.3749219178253,-769.5173101746901,4704.309842159816
2025-02-05,1927.347778000022,-693.3166884649424,4535.638416179755
2025-02-06,1439.6485722652021,-1396.4993100688216,4232.19800569765
2025-02-07,1174.191707759016,-1508.4708637707718,4031.912827404015
2025-02-08,1779.892532783445,-862.4589671411097,4493.615470220908
2025-02-09,1811.6152181193631,-791.0004156235603,4721.448997414544
2025-02-10,1572.853888008956,-1126.185479835055,4515.802114219995
2025-02-11,1514.1384618192387,-1304.7853169506025,4341.20501699691
2025-02-12,1491.653743146793,-1294.949778423147,4220.837507346329
2025-02-13,1003.857431821357,-1615.1077962959507,3911.7092237952625
2025-02-14,748.9649839613245,-1832.7212181358648,3472.5146079710457
2025-02-15,1375.950107946281,-1499.4212219140077,4116.327444338658
2025-02-16,1439.4900725590317,-1188.2060991036685,4297.509183584043
2025-02-17,1242.6499811833414,-1470.7885825556336,4195.736671310296
2025-02-18,1235.2974009359214,-1543.164233761374,4171.950100658735
2025-02-19,1272.735678939777,-1568.5381577331723,4019.1597464769065
2025-02-20,852.3412851453552,-1810.0268060680598,3562.8613556731225
2025-02-21,671.0726475336699,-2210.136293691366,3475.3498237863096
2025-02-22,1376.4986963328029,-1450.9575621247966,4157.860574286903
2025-02-23,1521.7756244580098,-1258.3589150212986,4223.724744072709
2025-02-24,1408.3652678854755,-1316.437333917243,4112.114932293814
2025-02-25,1484.485681928303,-1192.4210174024631,4295.730010145919
2025-02-26,1603.7813903321935,-1269.626927163773,4415.16800326424
2025-02-27,1261.9977699120975,-1302.4846856179443,4019.859587679515
2025-02-28,1154.5261602222863,-1527.5029131151696,4010.1166605050817
2025-03-01,1927.467060501364,-900.2523711683965,4510.9794229617155
2025-03-02,2132.6391095261074,-587.1703300932617,4856.91582431955
2025-03-03,2070.3265033582243,-702.7038315085158,4865.614568004164
2025-03-04,2187.7547590650647,-436.8488300993411,4926.701133301899
2025-03-05,2337.7817305478366,-165.4224575263386,4952.150330639246
2025-03-06,2015.587878989127,-615.2650558005007,4932.3540372541
2025-03-07,1916.2320486221943,-851.6069742518024,4603.881247097549
2025-03-08,2685.7199002556063,-112.07100527650564,5370.639116475025
2025-03-09,2876.0126217909065,-40.504223438594565,5675.840685471733
2025-03-10,2787.7686286583703,-39.70889016205851,5588.035288120891
2025-03-11,2868.808352143332,-156.2135573904211,5554.11520508635
2025-03-12,2972.7893378713798,171.04413574630132,5765.490077048997
2025-03-13,2595.87609042321,-143.78247209421815,5502.339357538923
2025-03-14,2434.271453851209,-359.8542187532352,5076.7885631579
2025-03-15,3135.2573108161764,323.4434265502983,5924.216531586927
2025-03-16,3252.1729246121486,622.0873064510236,6115.635252472546
2025-03-17,3087.1243983178324,517.1336402693146,5854.172550081028
2025-03-18,3089.4161473402423,362.6147504479387,6026.30869567416
2025-03-19,3114.19242221925,281.01005862813423,5911.50044092105
2025-03-20,2659.074128323385,-308.6702085444147,5276.823221734548
2025-03-21,2421.658518403948,-392.80677562045884,5293.46664530856
2025-03-22,3050.530283232853,322.20899384622726,5866.582070207703
2025-03-23,3100.213045015846,407.98163955587046,5711.472145122012
2025-03-24,2873.855330097006,170.4248089170318,5609.593967924975
2025-03-25,2821.6424268832757,160.39076448822433,5622.189922230759
2025-03-26,2799.4225714554077,23.799959311065855,5392.225886912253
2025-03-27,2305.3330000170517,-375.92673552230593,4975.630521977251
2025-03-28,2037.2936178580098,-770.8717049215493,4768.3980742692875
2025-03-29,2644.0168620988775,40.231097939814696,5380.143605130397
2025-03-30,2679.962693835125,-148.99632921265618,5342.372223057106
